run,n,feed_max,feed_n_levels,duration_s,dt_native_ms,resampled,n_invalid,n_blocks,g00_frac,feed_cut_max,feed_cut_med,speed_p95,block_len_med_mm,block_len_p10_mm,corner_ang_med_deg,corner_ang_p90_deg,e_rms_x,e_rms_y,e_rms_z,e_absmax,pos_x,pos_y,pos_z,span_mm,family,feed_name,rank
DOE_1391_FREEFORM_POCKET_CLEARING_K2_F15000_S092,24447,40000.0,2,12.223,0.5000000000000004,0,1,1104,0.200883543993128,15000.0,15000.0,40000.80000000253,1.8716976548156032,1.0295858037788617,9.998206820749775,19.71757242099032,108.6557874159209,38.7747445079772,20.06201805782932,332.0989999999995,145.84441310000005,146.10870760000006,186.0,620.1117964804968,FREEFORM_POCKET_CLEARING_K2,15000,1
DOE_1370_FREEFORM_POCKET_CLEARING_K1_F15000_S071,21645,40000.0,2,10.822,0.4999999999999449,0,1,1614,0.2277200277200277,15000.0,15000.0,40014.600000000086,1.0289249958197255,0.5945824103794396,4.250779974888463,9.365291756416608,100.26372287777995,30.06571240726023,20.07211411937292,321.9309999999993,144.7937261000001,148.4277856000001,186.3,626.6344773401719,FREEFORM_POCKET_CLEARING_K1,15000,2
DOE_1342_FREEFORM_POCKET_CLEARING_K3_F15000_S043,21589,40000.0,2,10.794,0.4999999999999449,0,1,1742,0.2276622353976562,15000.0,15000.0,40014.671999999904,0.9387033053913424,0.585250114947796,4.781237271160985,10.065994781687788,105.77050960137738,32.49749985398284,20.532470037868087,315.32749999999953,146.06851979999996,148.25448971999995,186.3,625.6348233438468,FREEFORM_POCKET_CLEARING_K3,15000,3
DOE_1419_MULTIPATH_RASTER_A30_F15000_S20,29463,40000.0,2,14.731,0.500000000000056,0,1,169,0.1661066422292366,15000.0,15000.0,39999.60000000028,17.16063876240927,2.6896877559366734,64.27275264581044,167.18685067228432,115.7651741865156,42.6918503266372,23.03147186924401,373.246599999999,140.0259913000001,140.4692718000001,186.15,613.8773389158474,MULTIPATH_RASTER_A30,15000,4
DOE_1349_FREEFORM_POCKET_CLEARING_K5_F15000_S050,18399,40000.0,2,9.199,0.4999999999999449,0,1,781,0.2672971357138975,15000.0,15000.0,40018.284017181664,1.6345267853967378,0.8602776150665545,9.425668331198205,16.7825953627804,108.85268918755156,34.12976037841709,21.08851106030556,340.2779999999996,149.71980770000002,150.91843711,186.45,626.7210387525902,FREEFORM_POCKET_CLEARING_K5,15000,5
DOE_1328_FREEFORM_POCKET_CLEARING_K4_F15000_S029,15227,40000.0,2,7.613,0.4999999999999449,0,1,1099,0.3216654626650029,15000.0,15000.0,40018.28401718407,0.976458990485934,0.5384704893050819,4.986643629722545,10.068346044045512,90.96080151573408,37.33156210502432,23.47649313592059,326.4069999999997,151.6675231,150.6920526,186.75,630.6989430417248,FREEFORM_POCKET_CLEARING_K4,15000,6
DOE_1383_FREEFORM_POCKET_CLEARING_K4_F10000_S084,25364,40000.0,2,12.6815,0.5000000000000004,0,1,1117,0.1931871944488251,10000.0,10000.0,40000.80000000253,1.3707753181867477,0.7890330764830532,5.659030715482029,14.351461780961476,52.01008476361197,19.94287791886398,15.035281612264251,224.61900000000057,145.5376084999999,144.3791999999999,186.45,618.6278114033956,FREEFORM_POCKET_CLEARING_K4,10000,7
DOE_1447_MULTIPATH_RASTER_A90_F15000_S48,29463,40000.0,2,14.731,0.500000000000056,0,1,169,0.1661066422292366,15000.0,15000.0,39999.60000000028,17.161009461739532,2.689707174630213,64.27293989392822,167.18644110592405,68.81999775386882,58.61862812163342,24.194868433090875,327.712,142.2193568000001,139.6678718000001,186.15,612.4770661890497,MULTIPATH_RASTER_A90,15000,8
DOE_1355_FREEFORM_POCKET_CLEARING_K1_F10000_S056,25030,40000.0,2,12.5145,0.5000000000000004,0,1,1292,0.1968437874550539,10000.0,10000.0,40000.80000000253,1.1329971791916138,0.5989960090865475,4.42091867945835,9.439963738305742,50.38361833378216,16.34049396552528,14.777595339285211,194.2369999999993,142.1335332499999,145.92351724999992,186.6,621.4412577701149,FREEFORM_POCKET_CLEARING_K1,10000,9
DOE_1062_CORNER_SEQUENCE_K3_F15000_S003,25730,40000.0,2,12.8645,0.5000000000000004,0,1,114,0.1920715118538671,15000.0,15000.0,40000.32000000033,16.025184294520265,13.336198284271628,89.76534854135696,101.42549282563226,131.65515687906773,33.38156097246441,20.97216010866542,356.3590000000012,141.64222779999994,141.19939479999994,187.5,623.2427195274016,CORNER_SEQUENCE_K3,15000,10
DOE_1334_FREEFORM_POCKET_CLEARING_K5_F10000_S035,22051,40000.0,2,11.025,0.4999999999999449,0,1,652,0.222983084667362,10000.0,10000.0,40007.25315139888,1.818561511822064,0.9525154591984812,9.174173345583656,17.010937474434225,54.43595449686567,16.981304526883445,15.60243237242569,221.6300000000011,147.40181,148.640623,186.6,622.1798997649552,FREEFORM_POCKET_CLEARING_K5,10000,11
DOE_1111_CORNER_SEQUENCE_K4_F15000_S052,29298,40000.0,2,14.6485,0.500000000000056,0,1,174,0.1684073998225135,15000.0,15000.0,39999.59999999874,15.637504553866092,11.5198374364336,62.11670067218327,76.41168545984443,69.02398747388762,35.19253097861264,20.00564095702274,222.7840000000008,139.51728489999988,137.8894273999999,187.5,615.8024183834831,CORNER_SEQUENCE_K4,15000,12
DOE_1048_HELIX_ENTRY_R2P5_F15000_S29,17193,40000.0,2,8.596,0.4999999999999449,0,1,198,0.2766823707322747,15000.0,15000.0,40018.28401717683,5.682820395433914,5.682820395433914,179.99999879258172,179.99999879258172,296.52884559027336,211.1426762668281,58.708001356729326,506.4601,156.07497719999992,155.82150719999993,186.0,618.2796801189453,HELIX_ENTRY_R2P5,15000,13
DOE_1341_FREEFORM_POCKET_CLEARING_K2_F10000_S042,19256,40000.0,2,9.6275,0.4999999999999449,0,1,1035,0.2547777316161196,10000.0,10000.0,40018.284017181664,0.9980741678726948,0.5759491716650044,4.409308596004544,10.25626027723566,52.38846145197745,18.81698133267423,16.674539167372952,225.78299999999984,149.30312725000005,149.39148375000005,186.75,626.3790747920157,FREEFORM_POCKET_CLEARING_K2,10000,14
DOE_1041_HELIX_ENTRY_R4P0_F15000_S22,21283,40000.0,2,10.641,0.4999999999999449,0,1,166,0.2247333552600667,15000.0,15000.0,40000.80000000253,11.651751053230416,11.651751053230416,180.0,180.0,286.9202543496882,151.23841652582564,42.32125828365727,519.9441999999999,152.8502387,152.54789730000002,186.0,615.5077889974664,HELIX_ENTRY_R4P0,15000,15
DOE_1362_FREEFORM_POCKET_CLEARING_K3_F10000_S063,21443,40000.0,2,10.721,0.4999999999999449,0,1,587,0.2290724245674579,10000.0,10000.0,40016.58696090627,2.0665748730390776,1.14044360417671,9.425870421316349,22.154890749830663,53.0618410311941,16.31062875986581,15.65291201421742,177.5840000000013,145.89387059999987,148.27080059999986,186.75,625.5796073099453,FREEFORM_POCKET_CLEARING_K3,10000,16
DOE_1433_MULTIPATH_RASTER_A0_F15000_S34,21312,40000.0,2,10.6555,0.4999999999999449,0,1,122,0.2293074324324324,15000.0,15000.0,40016.58696090627,12.533664219696956,1.8723715123832456,74.82994435055062,171.2945114208901,141.64375430395148,24.7128826800428,20.69202708766319,450.0400000000013,145.65296014999996,148.02646014999996,186.9,626.2289608296987,MULTIPATH_RASTER_A0,15000,17
DOE_1412_MULTIPATH_RASTER_A45_F15000_S13,17539,40000.0,2,8.769,0.4999999999999449,0,1,80,0.2817150350647129,15000.0,15000.0,40018.284017181664,32.1669506109095,1.8410801802989896,90.0,171.45747610316266,93.77479219954272,38.65593739720473,24.25492864602788,345.6219999999988,147.24020161999997,145.36697809999995,187.2,635.9305678455529,MULTIPATH_RASTER_A45,15000,18
DOE_0272_JITTER_LLONG_F3000_S02,6315,40000.0,2,3.157,0.5000000000000004,0,1,218,0.7208234362628662,3000.0,3000.0,40019.981073459465,0.0062587277366292,0.0025571122483237,9.329925786782065,28.744094760206487,17.96414837368124,7.0941999816400605,24.960048831297577,92.78599999999938,159.81495995,159.6868609,187.71197929,620.3128069972757,JITTER_LLONG,3000,19
DOE_1069_CORNER_SEQUENCE_K2_F15000_S010,21347,40000.0,2,10.673,0.4999999999999449,0,1,91,0.2315079402257928,15000.0,15000.0,40000.80000000253,25.534705670290045,15.409636255713815,69.82083042406508,89.37238352394871,70.4768565300323,32.64801834051525,20.353596096302567,242.02000000000007,144.79862740000004,145.68633790000004,187.5,628.6325508272048,CORNER_SEQUENCE_K2,15000,20
DOE_1013_ARC_TRANSITION_R4_F15000_S14,21588,40000.0,2,10.7935,0.4999999999999449,0,1,90,0.2274411710209375,15000.0,15000.0,40000.80000000253,34.745071027486674,12.24274042360248,90.0,152.3040433510717,142.82909175790334,62.999774246876726,31.720101503869785,556.2040000000011,143.3839304500001,152.34700395000007,187.5,622.6654233235257,ARC_TRANSITION_R4,15000,21
DOE_1461_RAMP_DEPTH_D0P2_F15000_S02,21595,40000.0,2,10.797,0.4999999999999449,0,1,134,0.2287103496179671,15000.0,15000.0,40000.80000000253,21.027573176438636,4.697637354839573,74.77956704334079,79.49410374793247,88.956132341375,41.38845625970926,23.02688153748396,257.6619999999998,144.84242490000008,147.34242490000008,186.0,628.241094707197,RAMP_DEPTH_D0P2,15000,22
DOE_1034_HELIX_ENTRY_R6P0_F15000_S15,25383,40000.0,2,12.691,0.5000000000000004,0,1,140,0.1894575109325139,15000.0,15000.0,40000.32000000033,18.427716991331103,18.427716991331103,179.99999914622634,179.99999914622634,202.36177263676683,86.913576267507,28.463120407795248,386.1762999999998,148.78450350000003,148.57831500000003,186.0,611.6188467307635,HELIX_ENTRY_R6P0,15000,23
DOE_1319_FREEFORM_POCKET_CLEARING_K5_F7500_S020,25056,40000.0,2,12.5275,0.5000000000000004,0,1,652,0.1956018518518518,7500.0,7500.0,40000.80000000253,1.6707169228905296,0.8470232909992952,8.861898367092726,16.9710205601954,37.74907988378675,11.865453954762147,13.739762686764204,150.7480000000001,145.96446325000005,147.06124925000006,186.6,616.2477783370906,FREEFORM_POCKET_CLEARING_K5,7500,24
DOE_1468_RAMP_DEPTH_D0P7_F15000_S09,18311,40000.0,2,9.155,0.4999999999999449,0,1,102,0.2699470263775872,15000.0,15000.0,40016.586960911096,21.566917259036867,7.778022025481274,75.8788958442822,78.67095741701539,85.9948090467059,40.69236452473472,21.997200646583156,307.0950000000004,146.28514650000008,148.28514650000008,186.0,633.8339192787113,RAMP_DEPTH_D0P7,15000,25
DOE_1347_FREEFORM_POCKET_CLEARING_K3_F7500_S048,25817,40000.0,2,12.908,0.5000000000000004,0,1,620,0.1896812178022233,7500.0,7500.0,40000.80000000253,1.872035509784526,1.0532950093504374,9.942615899932369,23.11265430910703,36.91314980191536,11.633945103616824,13.487872751013825,151.1509999999987,143.5946539,145.76224796,186.6,617.4933024924991,FREEFORM_POCKET_CLEARING_K3,7500,26
DOE_1076_CORNER_SEQUENCE_K1_F15000_S017,17034,40000.0,2,8.516499999999999,0.4999999999999449,0,1,54,0.2896559821533404,15000.0,15000.0,40018.284017181664,33.61179623009427,22.83654823009427,90.0,96.46485148365277,72.30020350014864,33.71605041060215,21.949951650797683,207.5010000000006,147.92647599999992,150.6264759999999,187.5,630.3355547806489,CORNER_SEQUENCE_K1,15000,27
DOE_1055_HELIX_ENTRY_R8P0_F15000_S36,29411,40000.0,2,14.705,0.500000000000056,0,1,126,0.1642582707150386,15000.0,15000.0,39999.59999999874,24.89550753808604,24.89550753808604,179.99999879258172,179.99999879258172,144.93517662702033,58.713336588711314,21.388981904451448,283.6180000000006,144.17458150000013,144.02139900000014,186.0,606.5248844396675,HELIX_ENTRY_R8P0,15000,28
DOE_1006_ARC_TRANSITION_R7_F15000_S07,24962,40000.0,2,12.4805,0.5000000000000004,0,1,94,0.196698982453329,15000.0,15000.0,40000.80000000253,33.87456224524258,21.87336140151591,90.0,131.69310669024597,92.3835468928503,45.76449256984996,20.1772741931766,240.78599999999997,139.93201259999995,148.41195859999996,187.5,620.2247440059243,ARC_TRANSITION_R7,15000,29
DOE_1374_FREEFORM_POCKET_CLEARING_K5_F5000_S075,22511,40000.0,2,11.255,0.4999999999999449,0,1,842,0.2168273288614455,5000.0,5000.0,40000.80000000253,0.7283995970793931,0.3694675865628787,4.802058846028979,8.62448518879268,23.667960753827305,8.04163319883601,13.634273725401622,149.87800000000107,148.6156030000001,149.5643960000001,186.9,618.2817143011195,FREEFORM_POCKET_CLEARING_K5,5000,30
DOE_1064_CORNER_SEQUENCE_K1_F1000_S005,24886,40000.0,2,12.4425,0.5000000000000004,0,1,14,0.1953708912641646,1000.0,1000.0,40000.80000000253,19.841084439548723,13.661721908298206,90.0,90.53918056948392,9.242523880287122,5.104264224281856,12.446168811475957,92.78599999999938,146.14390850000012,145.96124100000011,187.5,616.4911803689134,CORNER_SEQUENCE_K1,1000,31
DOE_1063_CORNER_SEQUENCE_K4_F500_S004,40680,40000.0,2,20.3395,0.4999999999999449,0,1,18,0.1195181907571288,500.0,500.0,39125.664693124665,11.987877295416954,7.402588563389122,67.30035902104893,90.0,7.443612119754196,3.834474059493836,9.724097559730346,92.78599999999938,130.5042995499999,129.8120700499999,187.5,582.509750429277,CORNER_SEQUENCE_K4,500,32
DOE_1375_FREEFORM_POCKET_CLEARING_K1_F7500_S076,25022,40000.0,2,12.5105,0.5000000000000004,0,1,555,0.196147390296539,7500.0,7500.0,40000.80000000253,2.07539815645873,1.1308348700327928,8.85152982282051,18.949773244927204,35.163615817070685,10.750445127478004,13.650924654697231,156.1830000000004,143.26370875000006,146.63461375000006,186.75,619.3657668350169,FREEFORM_POCKET_CLEARING_K1,7500,33
DOE_1333_FREEFORM_POCKET_CLEARING_K4_F7500_S034,18763,40000.0,2,9.381,0.4999999999999449,0,1,426,0.2601396365186804,7500.0,7500.0,40018.284017181664,1.856516099656035,1.043130760478672,8.75798093550697,22.047255044199,35.19242946340668,12.424661985744008,15.65241295043326,150.26899999999978,150.70271420000006,149.66639720000006,186.9,625.5750622930555,FREEFORM_POCKET_CLEARING_K4,7500,34
DOE_1361_FREEFORM_POCKET_CLEARING_K2_F7500_S062,18631,40000.0,2,9.315,0.4999999999999449,0,1,426,0.26241210885084,7500.0,7500.0,40018.284017181664,1.842447866660993,1.0526445863641525,9.207225022072375,22.14516728913504,36.83339555098706,11.943752083803949,15.66509007469522,152.35099999999946,150.41290550000002,150.48714800000002,186.9,625.3202375758794,FREEFORM_POCKET_CLEARING_K2,7500,35
DOE_1411_MULTIPATH_RASTER_A30_F10000_S12,29457,40000.0,2,14.728,0.500000000000056,0,1,122,0.1659028414298808,10000.0,10000.0,40000.32000000033,13.802110248833891,1.7989419517951586,90.0,169.32482533024557,68.96806092494253,21.248036128467685,15.619048540653536,249.05709999999996,139.88571989999988,140.58313839999988,186.9,612.8840138721127,MULTIPATH_RASTER_A30,10000,36
DOE_1439_MULTIPATH_RASTER_A90_F10000_S40,29457,40000.0,2,14.728,0.500000000000056,0,1,122,0.1659028414298808,10000.0,10000.0,40000.32000000033,13.802362137908636,1.7989762421421174,90.0,169.3244845859094,35.464471762139404,33.40017447987298,17.04230731880889,171.9280000000012,141.47562239999988,139.10163839999987,186.9,612.7822589466289,MULTIPATH_RASTER_A90,10000,37
DOE_1425_MULTIPATH_RASTER_A0_F10000_S26,21423,40000.0,2,10.711,0.4999999999999449,0,1,89,0.227792559398777,10000.0,10000.0,40016.58696090627,13.76789778292051,0.983747724805086,89.2018055718337,174.77467039585594,79.25009033394888,11.935259146377906,15.806676533792425,280.4824000000003,144.96063059999992,147.70463059999992,187.35,626.3740381034247,MULTIPATH_RASTER_A0,10000,38
DOE_1103_CORNER_SEQUENCE_K4_F10000_S044,29828,40000.0,2,14.9135,0.500000000000056,0,1,120,0.1654150462652541,10000.0,10000.0,39999.59999999874,16.25861017279292,11.604515965237225,65.79853268286176,77.26941638136459,39.21658299495002,20.032872313569808,14.506697201177008,153.54899999999992,138.84261104999996,137.37635754999997,187.5,614.9174214573974,CORNER_SEQUENCE_K4,10000,39
DOE_1082_CORNER_SEQUENCE_K3_F10000_S023,25850,40000.0,2,12.9245,0.5000000000000004,0,1,78,0.1911798839458414,10000.0,10000.0,40000.32000000033,16.508142759335648,14.716181324169192,103.0723678247929,113.6318054311061,42.00663466715118,29.61356531522979,17.836786114037896,179.22199999999933,141.71292009999985,140.12695259999987,187.5,623.8756058023009,CORNER_SEQUENCE_K3,10000,40
DOE_1367_FREEFORM_POCKET_CLEARING_K3_F5000_S068,25353,40000.0,2,12.676,0.5000000000000004,0,1,682,0.1924427089496312,5000.0,5000.0,40000.80000000253,1.1047614746472758,0.6063356308837264,7.507397666816263,15.508622054991532,23.425417627565043,7.77002016944734,12.850911888000637,148.1490000000001,144.93704599999998,146.84822599999998,186.9,616.1358221499386,FREEFORM_POCKET_CLEARING_K3,5000,41
DOE_1145_CORNER_SEQUENCE_K2_F10000_S086,20956,40000.0,2,10.4775,0.4999999999999449,0,1,61,0.2358274479862569,10000.0,10000.0,40000.80000000253,26.31348662840746,15.780048347362918,66.4238386989735,89.64343581872481,40.64370989286473,18.270954384031885,16.17906577266168,183.72400000000155,144.49552350000005,143.27001150000007,187.5,632.5181071232338,CORNER_SEQUENCE_K2,10000,42
DOE_1346_FREEFORM_POCKET_CLEARING_K2_F5000_S047,22795,40000.0,2,11.397,0.5000000000000004,0,1,426,0.2137749506470717,5000.0,5000.0,40000.80000000253,1.6034072004821942,0.9122494832216717,9.129763159739207,22.35113965069159,23.915868141082736,7.595860442276231,13.54784138944208,148.37099999999913,148.5799228000001,148.6247618000001,186.9,618.467938300316,FREEFORM_POCKET_CLEARING_K2,5000,43
DOE_1318_FREEFORM_POCKET_CLEARING_K4_F5000_S019,22953,40000.0,2,11.476,0.5000000000000004,0,1,426,0.2119548642878926,5000.0,5000.0,40000.80000000253,1.6373815578611524,0.9504835914801136,8.972991276733879,22.36690662116424,23.057648177055626,7.848506636964533,13.527493793462227,146.89699999999917,148.78406913999996,147.85803887999995,186.9,618.5884881867023,FREEFORM_POCKET_CLEARING_K4,5000,44
DOE_1152_CORNER_SEQUENCE_K1_F10000_S093,17154,40000.0,2,8.5765,0.4999999999999449,0,1,38,0.2876297073568847,10000.0,10000.0,40018.28401717852,33.49395800118559,23.62415116470965,90.0,93.7818781997612,41.72780768454139,18.67866237955396,17.64895826099285,188.67899999999693,146.82847905000006,146.05042255000006,187.5,636.031628637052,CORNER_SEQUENCE_K1,10000,45
DOE_1325_FREEFORM_POCKET_CLEARING_K1_F5000_S026,18959,40000.0,2,9.479,0.4999999999999449,0,1,584,0.2578722506461311,5000.0,5000.0,40018.284017181664,0.8652060838303931,0.4589187600786888,4.7099187917242125,9.658646096306164,22.81488775964747,7.630745770670577,14.736422823817485,149.88400000000013,148.4466037999999,151.3914672999999,187.2,625.28296885142,FREEFORM_POCKET_CLEARING_K1,5000,46
DOE_1417_MULTIPATH_RASTER_A0_F7500_S18,21708,40000.0,2,10.8535,0.4999999999999449,0,1,71,0.2242030587801732,7500.0,7500.0,40016.58696090627,15.897745926638738,2.325073832418034,82.1973546285291,159.4155403527522,49.08792910134824,14.898983679165935,14.98044230251238,208.34200000000004,147.05255530000005,149.33405530000005,186.9,622.3627336017877,MULTIPATH_RASTER_A0,7500,47
DOE_1438_MULTIPATH_RASTER_A90_F7500_S39,25808,40000.0,2,12.9035,0.5000000000000004,0,1,83,0.1904060756354618,7500.0,7500.0,40000.80000000253,18.495277250118107,1.713688267755041,88.99034306659394,165.83904226535287,30.918128735551264,19.74116468036776,14.288959418287384,198.52200000000053,146.41550180000002,143.57350180000003,187.05,616.2609807549825,MULTIPATH_RASTER_A90,7500,48
DOE_1410_MULTIPATH_RASTER_A30_F7500_S11,25808,40000.0,2,12.9035,0.5000000000000004,0,1,83,0.1904060756354618,7500.0,7500.0,40000.80000000253,18.495301285896936,1.7136790116612746,88.98994752872866,165.83932090247663,41.49257762892288,16.504242433293115,14.533055344155846,156.43799999999965,143.22915680000003,142.91300180000002,187.05,620.1913367376421,MULTIPATH_RASTER_A30,7500,49
DOE_1067_CORNER_SEQUENCE_K4_F7500_S008,29510,40000.0,2,14.7545,0.500000000000056,0,1,90,0.167197560149102,7500.0,7500.0,39999.59999999874,16.565692396871842,11.62427310587597,66.32911343545396,79.26776833913738,27.560983557499707,13.496576139354769,12.939477886491472,100.93200000000024,140.69499704999998,137.86803204999998,187.5,613.7961053690087,CORNER_SEQUENCE_K4,7500,50
DOE_1074_CORNER_SEQUENCE_K3_F7500_S015,25970,40000.0,2,12.9845,0.5000000000000004,0,1,60,0.1902964959568733,7500.0,7500.0,40000.32000000033,16.74972159708187,15.40593131532282,109.06680296708096,117.62117037531551,27.81554487649048,19.27217350385213,14.795605429286164,134.51799999999992,141.4774330000001,140.02797150000012,187.5,623.8113190285825,CORNER_SEQUENCE_K3,7500,51
DOE_1404_MULTIPATH_RASTER_A45_F10000_S05,17572,40000.0,2,8.785499999999999,0.4999999999999449,0,1,58,0.281242886410198,10000.0,10000.0,40017.83429727129,33.28504365628364,0.9381802758170388,90.0,174.86673401169676,50.56959278993872,22.29340642605809,18.67853708245453,190.9680000000016,145.52705895000005,145.17355895000006,187.5,637.4618453849938,MULTIPATH_RASTER_A45,10000,52
DOE_1081_CORNER_SEQUENCE_K2_F7500_S022,22487,40000.0,2,11.243,0.4999999999999449,0,1,51,0.219771423489127,7500.0,7500.0,40000.80000000253,26.71465593751536,15.959041113594086,64.82754931291201,89.74189971785164,27.717210958980782,12.742091195998816,14.44374783762506,137.93500000000236,143.31547571999997,142.25826589999997,187.5,630.5768442586889,CORNER_SEQUENCE_K2,7500,53
DOE_1452_MULTIPATH_RASTER_A45_F7500_S53,18257,40000.0,2,9.128,0.4999999999999449,0,1,55,0.269157035657556,7500.0,7500.0,40018.284017181664,27.72010647363497,0.9188895353785342,90.0,173.23077194104195,37.81883950587316,16.291324570949275,16.551511753358145,170.43699999999973,148.60566925999996,147.05603059999996,187.35,630.9890829099381,MULTIPATH_RASTER_A45,7500,54
DOE_1060_CORNER_SEQUENCE_K1_F7500_S001,17274,40000.0,2,8.6365,0.4999999999999449,0,1,30,0.2856315850411022,7500.0,7500.0,40018.28401717683,33.3709030301596,23.82456553335401,90.0,92.64808135455864,29.66890065639356,12.55894886297901,16.178021580090505,126.12050000000076,147.81081795,150.51081795,187.5,630.0940129268523,CORNER_SEQUENCE_K1,7500,55
DOE_1054_HELIX_ENTRY_R6P0_F10000_S35,25699,40000.0,2,12.849,0.5000000000000004,0,1,96,0.1871279038094867,10000.0,10000.0,40000.32000000033,18.72385289135554,18.72385289135554,180.0,180.0,82.2735500193874,31.007413261702467,16.537690768688133,165.241,148.41402260000004,148.32256510000002,186.0,611.2167296266678,HELIX_ENTRY_R6P0,10000,56
DOE_1460_RAMP_DEPTH_D0P2_F10000_S01,17460,40000.0,2,8.7295,0.4999999999999449,0,1,70,0.2827033218785796,10000.0,10000.0,40018.284017181664,23.420067656717546,2.3195653345478124,80.66341535974783,82.90278907512943,48.81676906277473,22.67179122962525,19.444475046077155,164.3499999999989,147.7196185,149.7196185,186.715514485,631.6878254295212,RAMP_DEPTH_D0P2,10000,57
DOE_1387_FREEFORM_POCKET_CLEARING_K3_F3000_S088,26975,40000.0,2,13.487,0.5000000000000004,0,1,649,0.1803151065801668,3000.0,3000.0,40000.80000000253,0.7400086718857268,0.4024167288135248,5.805519874628707,12.123063425814491,15.009265279271853,4.72685682435975,12.06444444816488,144.74300000000005,144.35148709999984,146.06602159999983,187.05,611.8036725137828,FREEFORM_POCKET_CLEARING_K3,3000,58
DOE_1437_MULTIPATH_RASTER_A45_F5000_S38,21909,40000.0,2,10.954,0.4999999999999449,0,1,63,0.220913779725227,5000.0,5000.0,40016.04000000037,14.674281938150136,1.5756974989909822,91.13399500349378,159.41066934078617,26.129763293406693,11.889170224474112,14.258859496952024,113.25199999999924,149.0375399999999,149.2016669999999,187.05,619.692916562015,MULTIPATH_RASTER_A45,5000,59
DOE_1458_MULTIPATH_RASTER_A30_F5000_S59,27126,40000.0,2,13.5625,0.5000000000000004,0,1,72,0.1799380667993806,5000.0,5000.0,40000.80000000253,21.47447021576493,1.6241105709861037,90.0,158.6170070431031,27.891522825930647,10.190359449166811,12.69621872744669,123.9840000000001,144.220661375,143.85749124999998,186.9,613.8517705871327,MULTIPATH_RASTER_A30,5000,60
DOE_1409_MULTIPATH_RASTER_A0_F5000_S10,21909,40000.0,2,10.954,0.4999999999999449,0,1,63,0.220913779725227,5000.0,5000.0,40016.04000000037,14.674602948097942,1.5756185598433403,91.13411310909044,159.40665942195662,31.339901928869025,9.614371474432188,13.83527060183344,129.61199999999985,148.6736664799999,150.2660399999999,187.05,618.9777351920224,MULTIPATH_RASTER_A0,5000,61
DOE_1430_MULTIPATH_RASTER_A90_F5000_S31,26876,40000.0,2,13.4375,0.5000000000000004,0,1,78,0.1816118470010418,5000.0,5000.0,40000.80000000253,18.23181293675888,0.8865955230953732,89.68303652171137,170.01557427870057,18.935207802399404,13.613976197718722,12.871838524610215,127.74700000000028,146.45089625,144.51639625,187.2,611.3855982865568,MULTIPATH_RASTER_A90,5000,62
DOE_1303_FREEFORM_POCKET_CLEARING_K4_F3000_S004,25698,40000.0,2,12.8485,0.5000000000000004,0,1,329,0.188808467585026,3000.0,3000.0,40000.80000000253,1.4641194796236332,0.8298387870659262,10.877194276047089,22.40292949107048,14.83260272696237,4.715074758966409,12.371985078221766,141.14299999999955,147.25681839999993,146.42740089999992,187.05,612.8490402414552,FREEFORM_POCKET_CLEARING_K4,3000,63
DOE_1366_FREEFORM_POCKET_CLEARING_K2_F3000_S067,23010,40000.0,2,11.5045,0.5000000000000004,0,1,440,0.2110821382007822,3000.0,3000.0,40000.80000000253,0.9079189239647216,0.5383007609632732,7.629774166361603,15.15174256567676,15.810839196315898,4.958632764669824,13.05283001434104,144.90400000000037,149.02681639999997,149.05154315,187.2,616.5367455196609,FREEFORM_POCKET_CLEARING_K2,3000,64
DOE_1150_CORNER_SEQUENCE_K3_F5000_S091,26210,40000.0,2,13.1045,0.5000000000000004,0,1,42,0.1885539870278519,5000.0,5000.0,40000.32000000033,16.991848020302147,16.095043636753182,114.62572545412314,120.6039282314234,25.03267085956268,7.793327981432003,12.698193154568608,117.71200000000093,140.3746257,140.80232619999998,187.5,623.3217267913176,CORNER_SEQUENCE_K3,5000,65
DOE_1087_CORNER_SEQUENCE_K4_F5000_S028,28875,40000.0,2,14.437,0.5000000000000004,0,1,60,0.1708744588744588,5000.0,5000.0,39999.59999999874,16.866367980434436,11.6448525089781,66.76095839174435,83.56589594597357,16.656690270575055,8.387740410279571,12.11321523901542,92.78599999999938,139.61035889999985,138.29097889999986,187.5,616.9394862369041,CORNER_SEQUENCE_K4,5000,66
DOE_1005_ARC_TRANSITION_R4_F10000_S06,21694,40000.0,2,10.8465,0.4999999999999449,0,1,62,0.2263298607910021,10000.0,10000.0,40000.80000000253,34.23370170637108,12.46372199228454,90.0,138.9334237424335,60.17050107234834,28.959808987052725,17.41251307174042,201.13699999999923,143.3015952,152.2772967,187.5,622.5348082732371,ARC_TRANSITION_R4,10000,67
DOE_1394_FREEFORM_POCKET_CLEARING_K5_F3000_S095,22494,40000.0,2,11.2465,0.4999999999999449,0,1,296,0.2162798968613852,3000.0,3000.0,40000.80000000253,1.2164102352996038,0.6626647496642436,9.777036900487278,16.499235511553348,15.873544941728086,4.782311251405047,13.190760955058035,146.44799999999947,149.25960916499997,150.09389445999997,187.2,616.7140533910055,FREEFORM_POCKET_CLEARING_K5,3000,68
DOE_1047_HELIX_ENTRY_R8P0_F10000_S28,29451,40000.0,2,14.725,0.500000000000056,0,1,86,0.1640351770737835,10000.0,10000.0,39999.59999999874,25.061244980992544,25.061244980992544,180.0,180.0,56.73311565948055,21.67045913584805,14.083584220611268,126.8539999999998,144.05238285,143.9843825,186.0,606.5299028399902,HELIX_ENTRY_R8P0,10000,69
DOE_1025_HELIX_ENTRY_R4P0_F7500_S06,21523,40000.0,2,10.761,0.4999999999999449,0,1,86,0.2222273846582725,7500.0,7500.0,40000.80000000253,12.447753642793923,12.447753642793923,180.0,180.0,69.82138868875775,28.28947469165796,15.951136779599103,141.81100000000012,152.46797669999992,152.39170034999992,186.0,615.4223042455237,HELIX_ENTRY_R4P0,7500,70
DOE_1101_CORNER_SEQUENCE_K2_F5000_S042,22718,40000.0,2,11.3585,0.5,0,1,36,0.2175367549960384,5000.0,5000.0,40000.80000000253,27.10602716897063,16.145446210584538,63.32413794944055,89.9381499305307,18.328514054493592,7.951314145365865,13.499132178272037,98.35899999999852,143.56349017499986,144.7636428999999,187.5,627.0379100045296,CORNER_SEQUENCE_K2,5000,71
DOE_1080_CORNER_SEQUENCE_K1_F5000_S021,17506,40000.0,2,8.7525,0.4999999999999449,0,1,22,0.2818462241517194,5000.0,5000.0,40018.114311557016,33.248072324329954,23.246304440177656,90.0,91.6404446754362,17.97205947140618,8.895388350091402,15.366810333162883,94.3480000000001,146.32079715000003,145.87839725000003,187.5,636.0221529454408,CORNER_SEQUENCE_K1,5000,72
DOE_1380_FREEFORM_POCKET_CLEARING_K1_F3000_S081,17476,40000.0,2,8.737499999999999,0.4999999999999449,0,1,247,0.2787823300526436,3000.0,3000.0,40018.284017181664,1.1221324720876686,0.6499148145665022,6.426652280192024,12.557580887935991,16.747489606764354,5.000526570568234,14.925572614809443,148.7569999999998,150.124304,152.7260512,187.35,625.1728859298047,FREEFORM_POCKET_CLEARING_K1,3000,73
DOE_1019_ARC_TRANSITION_R10_F10000_S20,29604,40000.0,2,14.8015,0.500000000000056,0,1,74,0.165585731657884,10000.0,10000.0,39999.59999999874,29.690247236564478,27.9822190673155,90.0,111.68751528461284,29.489052771809604,13.878715251289195,13.170404257482607,147.32000000000056,135.8456083500001,142.8330703500001,187.5,613.3736217127225,ARC_TRANSITION_R10,10000,74
DOE_1415_MULTIPATH_RASTER_A90_F3000_S16,30641,40000.0,2,15.32,0.500000000000056,0,1,71,0.1572402989458568,3000.0,3000.0,39999.59999999874,12.098149779622553,1.5323193248275035,103.92508243953566,146.2767669363685,15.303287377341825,7.381156619058226,11.543949378623944,92.78599999999938,144.62271999999987,142.66695899999988,186.75,601.5268481868509,MULTIPATH_RASTER_A90,3000,75
DOE_1046_HELIX_ENTRY_R6P0_F7500_S27,25925,40000.0,2,12.962,0.5000000000000004,0,1,74,0.1854966248794599,7500.0,7500.0,40000.32000000033,18.79593363513908,18.79593363513908,180.0,180.0,42.5569609651945,15.40937801267204,13.871994978841077,102.19000000000024,148.18876149999986,148.13776099999987,186.0,610.881256366909,HELIX_ENTRY_R6P0,7500,76
DOE_1450_MULTIPATH_RASTER_A30_F3000_S51,26956,40000.0,2,13.4775,0.5000000000000004,0,1,62,0.1798857397239946,3000.0,3000.0,40000.80000000253,15.739624573307577,0.8329442095867488,88.17526419170733,163.39339484576303,16.203968534267702,7.017229493860941,12.236021543662568,92.78599999999938,145.67748855000005,145.43724200000003,187.2,610.949177513183,MULTIPATH_RASTER_A30,3000,77
DOE_1457_MULTIPATH_RASTER_A0_F3000_S58,22213,40000.0,2,11.106,0.4999999999999449,0,1,49,0.2168099761400981,3000.0,3000.0,40001.9999999995,12.098149797034257,1.5306111867372283,103.92508243953566,146.2767669363685,17.60637990144782,6.92025783516133,13.360850232852243,92.78599999999938,149.79896230000008,151.11359580000007,187.05,616.1166136018913,MULTIPATH_RASTER_A0,3000,78
DOE_1012_ARC_TRANSITION_R2_F10000_S13,17536,40000.0,2,8.7675,0.4999999999999449,0,1,54,0.2798813868613138,10000.0,10000.0,40018.11431155521,33.970775747808176,6.0633684666776215,90.0,163.583348109672,94.4061748724157,30.16254498428705,19.139761544523992,469.96099999999785,146.79204825000008,155.6819707500001,187.5,625.3512597588441,ARC_TRANSITION_R2,10000,79
DOE_1004_ARC_TRANSITION_R2_F7500_S05,17674,40000.0,2,8.8365,0.4999999999999449,0,1,42,0.2776960506959375,7500.0,7500.0,40017.60519467343,33.8725352129221,6.121370509696127,90.0,155.74651529339806,53.79090057714311,22.986215127927277,18.067248224785175,277.19300000000044,146.66635710000003,155.61303510000002,187.5,625.2687641690992,ARC_TRANSITION_R2,7500,80
DOE_1436_MULTIPATH_RASTER_A45_F3000_S37,18601,40000.0,2,9.3,0.4999999999999449,0,1,36,0.2605773883124563,3000.0,3000.0,40018.284017181664,16.563801805475013,1.5703286954664757,90.0,147.53905446423553,15.839173774935684,7.616204343826224,14.629588815703782,92.78599999999938,151.9998265,151.069115,187.2,622.7373616219378,MULTIPATH_RASTER_A45,3000,81
DOE_1018_ARC_TRANSITION_R7_F7500_S19,25202,40000.0,2,12.6005,0.5000000000000004,0,1,50,0.1948258074755971,7500.0,7500.0,40000.32000000033,32.959723118145604,21.97715097522845,90.0,113.86183981406904,23.131943854993946,9.946949877249327,13.253054927369812,141.56299999999965,139.73869640499984,148.22181089999984,187.5,619.8366338888264,ARC_TRANSITION_R7,7500,82
DOE_1039_HELIX_ENTRY_R8P0_F7500_S20,29591,40000.0,2,14.795,0.500000000000056,0,1,66,0.1632590990503869,7500.0,7500.0,39999.59999999874,25.10256785205234,25.10256785205234,180.0,180.0,29.455740086060484,11.16836198767794,12.391867818518705,126.8539999999998,143.88663999999986,143.84812119999987,186.0,606.2904205049406,HELIX_ENTRY_R8P0,7500,83
DOE_1135_CORNER_SEQUENCE_K4_F3000_S076,31908,40000.0,2,15.9535,0.500000000000056,0,1,42,0.1546320671931804,3000.0,3000.0,39999.59999999874,17.109570880719467,11.670195529985602,67.05676684129605,87.61537366789463,10.838640155957531,5.6363415558421925,11.158649930033093,92.78599999999938,136.52989135000004,135.26180085000004,187.5,610.809379254214,CORNER_SEQUENCE_K4,3000,84
DOE_1114_CORNER_SEQUENCE_K3_F3000_S055,28954,40000.0,2,14.4765,0.500000000000056,0,1,30,0.1706845340885542,3000.0,3000.0,39999.59999999874,17.182576673376765,16.64747953125677,118.76985685547616,122.4379137450054,10.995758911325334,6.883123380054181,11.7907448612411,92.78599999999938,138.6412168500001,137.3850003500001,187.5,618.5579477398236,CORNER_SEQUENCE_K3,3000,85
DOE_1011_ARC_TRANSITION_R10_F7500_S12,30208,40000.0,2,15.1035,0.500000000000056,0,1,58,0.1622748940677966,7500.0,7500.0,39999.59999999874,29.85179916000547,27.990394826591405,90.0,106.79812771468508,18.18589486900514,7.732679975037858,12.037375144560762,123.54099999999946,135.25316875,142.24027675000002,187.5,612.1657027937489,ARC_TRANSITION_R10,7500,86
DOE_1052_HELIX_ENTRY_R2P5_F5000_S33,17673,40000.0,2,8.835999999999999,0.4999999999999449,0,1,70,0.2691676568777231,5000.0,5000.0,40017.60519467343,7.763631230860922,7.763631230860922,180.0,180.0,49.083489272236,19.544940052130013,16.088817845643817,97.95070000000015,155.41951889999996,155.36461539999996,186.0,618.4489615943039,HELIX_ENTRY_R2P5,5000,87
DOE_1479_RAMP_DEPTH_D0P2_F5000_S20,31543,40000.0,2,15.771,0.500000000000056,0,1,110,0.154677741495736,5000.0,5000.0,39999.59999999874,12.48819454927756,4.702358317665752,73.17567977190296,74.3052760691711,20.82756604107984,8.872798374413916,11.526567982891228,107.5500000000016,139.5401489999998,141.2506489999998,186.21775014,605.0765255049075,RAMP_DEPTH_D0P2,5000,88
DOE_1465_RAMP_DEPTH_D0P4_F5000_S06,22469,40000.0,2,11.234,0.4999999999999449,0,1,70,0.2172326316257955,5000.0,5000.0,40000.80000000253,10.514893454237807,7.847795557425231,63.75295390489549,64.6721068854964,17.186075782714582,6.965693833445258,13.457364830758946,96.39400000000008,146.91217419999995,148.62267419999998,186.01014468,622.3421785916163,RAMP_DEPTH_D0P4,5000,89
DOE_1128_CORNER_SEQUENCE_K1_F3000_S069,20922,40000.0,2,10.4605,0.4999999999999449,0,1,18,0.235828314692668,3000.0,3000.0,40000.80000000253,33.148772038624976,23.356296256980556,90.0,90.92905498742608,12.096702712327454,6.631163267169216,13.746693245493493,92.78599999999938,144.28680879500004,143.95645530000004,187.5,632.1054825150718,CORNER_SEQUENCE_K1,3000,90
DOE_1065_CORNER_SEQUENCE_K2_F3000_S006,20363,40000.0,2,10.181,0.4999999999999449,0,1,21,0.2426950842213819,3000.0,3000.0,40000.80000000253,27.42329004831072,16.29500050906294,74.75380094190524,90.0,11.903324532775002,6.727389118121214,13.926724519307257,92.78599999999938,144.44355198000008,143.63721740000008,187.5,633.7259761223646,CORNER_SEQUENCE_K2,3000,91
DOE_1045_HELIX_ENTRY_R4P0_F5000_S26,21911,40000.0,2,10.955,0.4999999999999449,0,1,60,0.2182921820090365,5000.0,5000.0,40000.80000000253,12.530622649357486,12.530622649357486,180.0,180.0,28.64573656627498,10.93027588536586,13.8021045879877,92.78599999999938,152.16893145000012,152.1349310000001,186.0,614.945380663409,HELIX_ENTRY_R4P0,5000,92
DOE_1017_ARC_TRANSITION_R4_F5000_S18,22054,40000.0,2,11.0265,0.4999999999999449,0,1,34,0.2226353495964451,5000.0,5000.0,40000.80000000253,33.63702491905856,12.555393073686568,90.0,118.02312688216188,18.94370847240217,7.049233937565134,13.55771035830118,149.9504999999992,143.06483870000008,152.0371992000001,187.5,622.0354084023462,ARC_TRANSITION_R4,5000,93
DOE_1038_HELIX_ENTRY_R6P0_F5000_S19,26467,40000.0,2,13.233,0.5000000000000004,0,1,52,0.1816979635017191,5000.0,5000.0,40000.32000000033,18.83360860756866,18.83360860756866,179.99999914622634,179.99999914622634,18.54045932231977,6.627837973532007,12.48859159235511,102.19000000000024,147.7069074,147.6841644,186.0,609.9966306130248,HELIX_ENTRY_R6P0,5000,94
DOE_1473_RAMP_DEPTH_D0P4_F7500_S14,22897,40000.0,2,11.448,0.5000000000000004,0,1,86,0.2147442896449316,7500.0,7500.0,40000.80000000253,19.086332406483344,4.647345965999008,79.23559855715804,80.43626539309396,37.48299536960876,17.25677856104221,15.132337778398448,163.0749999999992,145.53425980000006,147.13925980000005,186.0,624.0677933850335,RAMP_DEPTH_D0P4,7500,95
DOE_1010_ARC_TRANSITION_R7_F5000_S11,24546,40000.0,2,12.2725,0.5000000000000004,0,1,34,0.2000325918683288,5000.0,5000.0,40000.80000000253,32.64262608957663,21.987445567501368,90.0,106.45229039040186,15.36992557396587,5.158760660180403,12.795237703691903,141.56299999999965,140.25634199999993,148.73628799999994,187.5,620.8929470018537,ARC_TRANSITION_R7,5000,96
DOE_1003_ARC_TRANSITION_R10_F5000_S04,28538,40000.0,2,14.2685,0.5000000000000004,0,1,38,0.1717709720372836,5000.0,5000.0,39999.83999999984,30.31161270447498,27.99773655483496,90.0,101.5261794599157,12.97704420895053,4.659497578400209,11.866980699536624,123.54099999999946,136.8584405000001,143.8443855000001,187.5,615.437210960182,ARC_TRANSITION_R10,5000,97
DOE_1464_RAMP_DEPTH_D0P4_F3000_S05,19968,40000.0,2,9.9835,0.4999999999999449,0,1,46,0.2432892628205128,3000.0,3000.0,40000.80000000253,10.729189138871128,4.709024203774527,64.71859053486972,78.45147803788286,13.508704588001624,5.502257542578516,13.980388362015928,92.8772999999996,150.27868284999988,151.1736828499999,186.51649111,622.1533133834718,RAMP_DEPTH_D0P4,3000,98
DOE_1044_HELIX_ENTRY_R2P5_F3000_S25,18657,40000.0,2,9.328,0.4999999999999449,0,1,46,0.2549713244358685,3000.0,3000.0,40016.58696090627,7.835718788100324,7.834282895192769,176.5741525507392,180.0,18.087651129586213,6.609199350020634,14.51154033252976,92.78599999999938,154.87128609999994,154.85159709999994,186.0,617.4375120195174,HELIX_ENTRY_R2P5,3000,99
DOE_1471_RAMP_DEPTH_D0P2_F3000_S12,32404,40000.0,2,16.201500000000003,0.500000000000056,0,1,86,0.1494877175657326,3000.0,3000.0,39999.59999999874,7.85453337073322,4.734503490036358,56.53842859987988,57.69015373975199,10.348331061721764,4.210497879180053,10.972278551606829,92.78599999999938,139.39569450000013,141.29069450000014,186.5100407,601.1448580831725,RAMP_DEPTH_D0P2,3000,100
DOE_1031_HELIX_ENTRY_R8P0_F5000_S12,29811,40000.0,2,14.905,0.500000000000056,0,1,46,0.1620542752675187,5000.0,5000.0,39999.59999999874,25.123754521677,25.123754521677,180.0,180.0,14.689454726493771,5.387794361196299,11.592340815829363,126.8539999999998,143.65073615000014,143.63415725000013,186.0,605.8831319246161,HELIX_ENTRY_R8P0,5000,101
DOE_1435_MULTIPATH_RASTER_A30_F1000_S36,36421,40000.0,2,18.21,0.5000000000000004,0,1,40,0.1315449877817742,1000.0,1000.0,39998.39999999495,9.265079815992909,1.836707722487335,90.56764220085589,127.70639672470168,8.217862660468134,3.633700773725548,10.263686107692145,92.78599999999938,137.96987900000033,138.06608800000035,186.9,587.5041413436339,MULTIPATH_RASTER_A30,1000,102
DOE_1016_ARC_TRANSITION_R2_F3000_S17,19744,40000.0,2,9.8715,0.4999999999999449,0,1,22,0.2485818476499189,3000.0,3000.0,40000.80000000253,33.37960583272984,6.27468429940395,90.0,123.43458094255632,16.660610437245378,5.112405121172514,14.02626054871456,152.19899999999953,145.53751405,154.48933805,187.5,622.9476415358887,ARC_TRANSITION_R2,3000,103
DOE_1414_MULTIPATH_RASTER_A90_F1000_S15,32579,40000.0,2,16.289,0.500000000000056,0,1,33,0.1476411185119248,1000.0,1000.0,39999.59999999874,11.315498274500252,1.8414242743919853,90.0,130.69409208661048,8.817571976139384,3.970084678809641,10.850532435841318,92.78599999999938,143.55047300000012,141.9189730000001,187.05,594.8886806033697,MULTIPATH_RASTER_A90,1000,104
DOE_1358_FREEFORM_POCKET_CLEARING_K4_F1000_S059,29781,40000.0,2,14.89,0.500000000000056,0,1,263,0.1623182566065612,1000.0,1000.0,39999.59999999874,0.676757287592129,0.3855640022525634,6.5404599737854365,11.729766821053389,10.879755430294273,3.2091217955044664,11.310485457604628,135.83000000000033,144.15902550000007,143.41890530000006,187.35,603.8032207935173,FREEFORM_POCKET_CLEARING_K4,1000,105
DOE_1009_ARC_TRANSITION_R4_F3000_S10,21754,40000.0,2,10.8765,0.4999999999999449,0,1,22,0.2257056173577273,3000.0,3000.0,40000.80000000253,33.38526027679234,12.56422849219702,90.0,107.48351190759878,14.927919609023368,4.16426188537309,13.347645979188265,149.9504999999992,143.2670262000001,152.2375987000001,187.5,622.4473538502378,ARC_TRANSITION_R4,3000,106
DOE_1421_MULTIPATH_RASTER_A45_F1000_S22,24539,40000.0,2,12.269,0.5000000000000004,0,1,26,0.1952809812950813,1000.0,1000.0,40000.80000000253,8.34141419489434,3.0936789252181742,90.0,144.1068858981339,9.264033448134688,4.5536655702371895,12.510676358775552,92.78599999999938,149.72976619999991,149.6636891999999,187.05,610.7880783149996,MULTIPATH_RASTER_A45,1000,107
DOE_1351_FREEFORM_POCKET_CLEARING_K2_F1000_S052,29429,40000.0,2,14.714,0.500000000000056,0,1,199,0.164531584491488,1000.0,1000.0,40000.32000000033,0.9002057016219834,0.4942363426634918,8.74646935282242,15.56913905658628,11.086176183436365,3.2308912535819285,11.377857357894367,138.1870000000003,144.2590917000001,144.27081270000014,187.35,604.2173268672855,FREEFORM_POCKET_CLEARING_K2,1000,108
DOE_1400_MULTIPATH_RASTER_A0_F1000_S01,21865,40000.0,2,10.932,0.4999999999999449,0,1,23,0.220077749828493,1000.0,1000.0,40000.80000000253,11.315498271370489,0.8414242744719517,90.0,123.76646565751676,11.405475880529616,4.233946419518375,13.227217281136133,94.62499999999974,151.29536880000003,152.15086880000004,187.5,613.8619688467812,MULTIPATH_RASTER_A0,1000,109
DOE_1033_HELIX_ENTRY_R4P0_F10000_S14,21551,40000.0,2,10.775,0.4999999999999449,0,1,114,0.2219386571388798,10000.0,10000.0,40000.80000000253,12.285144623221576,12.285144623221576,179.99999879258172,179.99999879258172,131.68427379014568,58.17862877697186,20.94714211408072,257.7880000000001,152.50964050000002,152.373047,186.0,615.3244967549635,HELIX_ENTRY_R4P0,10000,110
DOE_1379_FREEFORM_POCKET_CLEARING_K5_F1000_S080,28733,40000.0,2,14.366,0.5000000000000004,0,1,135,0.1687258552883444,1000.0,1000.0,40000.32000000033,1.2115211749139057,0.6240452449835521,10.508583368734108,25.14609900915229,11.41390528471898,3.264742464080783,11.514214929855669,142.2155000000007,144.80651250000005,145.52751998000005,187.35,605.0608173789205,FREEFORM_POCKET_CLEARING_K5,1000,111
DOE_1002_ARC_TRANSITION_R7_F3000_S03,24130,40000.0,2,12.0645,0.5000000000000004,0,1,22,0.2034811438043928,3000.0,3000.0,40000.80000000253,32.38644174736288,20.866543403691598,90.0,100.08943042587552,13.535539206393391,3.940173202447167,12.68093734250041,141.56299999999965,140.57389289999992,149.05383889999993,187.5,621.5478002823164,ARC_TRANSITION_R7,3000,112
DOE_1113_CORNER_SEQUENCE_K2_F1000_S054,29518,40000.0,2,14.7585,0.500000000000056,0,1,16,0.1660004065316078,1000.0,1000.0,39999.59999999874,20.54958532763693,12.165261320206106,88.82117706500539,90.0,8.398429775793677,5.002798029871024,11.439783694816562,92.78599999999938,139.9824564599998,139.4102916499998,187.5,612.9060135488364,CORNER_SEQUENCE_K2,1000,113
DOE_1037_HELIX_ENTRY_R4P0_F3000_S18,22179,40000.0,2,11.089,0.4999999999999449,0,1,38,0.2156544479011677,3000.0,3000.0,40000.80000000253,12.558599214508856,12.558599214508856,180.0,180.0,13.078884976470906,4.822271232932657,13.203728104073274,92.78599999999938,151.96654435000008,151.9543311500001,186.0,614.6011446219223,HELIX_ENTRY_R4P0,3000,114
DOE_1155_CORNER_SEQUENCE_K4_F1000_S096,34300,40000.0,2,17.1495,0.500000000000056,0,1,18,0.1438483965014577,1000.0,1000.0,39999.35999999935,19.46377124210577,13.295093459523716,67.28554923543328,90.0,8.561941008350136,4.595392631953343,10.606078301953463,92.78599999999938,135.52144750000022,132.84681500000022,187.5,603.7813663765972,CORNER_SEQUENCE_K4,1000,115
DOE_1032_HELIX_ENTRY_R2P5_F7500_S13,17433,40000.0,2,8.716,0.4999999999999449,0,1,102,0.2728732862961051,7500.0,7500.0,40018.114311557016,7.554334368215632,7.554334368215632,180.0,180.0,113.71092597759424,52.70801693101355,21.61277461566903,203.08949999999996,155.60688100000004,155.48449700000003,186.0,618.6229375959458,HELIX_ENTRY_R2P5,7500,116
DOE_1337_FREEFORM_POCKET_CLEARING_K3_F1000_S038,23624,40000.0,2,11.8115,0.5000000000000004,0,1,150,0.2051303758889265,1000.0,1000.0,40000.80000000253,0.8450003200544371,0.5174574660978879,7.847484563766359,15.657770565626818,12.45147313067318,3.5818715161528853,12.684749199410266,140.45300000000083,147.88877815000004,149.34854296500004,187.5,615.1689243316289,FREEFORM_POCKET_CLEARING_K3,1000,117
DOE_1365_FREEFORM_POCKET_CLEARING_K1_F1000_S066,24661,40000.0,2,12.33,0.5000000000000004,0,1,150,0.1969101009691415,1000.0,1000.0,40000.80000000253,0.9170592767797116,0.5144066410590528,6.66185695305211,12.433728769429669,12.456203908842143,3.508689480759179,12.414882251099256,144.61299999999966,146.48388570000012,148.72556760000012,187.5,614.0430251324686,FREEFORM_POCKET_CLEARING_K1,1000,118
DOE_1078_CORNER_SEQUENCE_K3_F1000_S019,24398,40000.0,2,12.1985,0.5000000000000004,0,1,12,0.2020657430936962,1000.0,1000.0,40000.80000000253,25.800846039188336,15.77761641511723,90.0,122.50646142023116,10.554387698370116,5.1500871324974185,12.58927714694306,92.78599999999938,142.5473123999999,143.0020913999999,187.5,624.8074139808583,CORNER_SEQUENCE_K3,1000,119
DOE_1030_HELIX_ENTRY_R6P0_F3000_S11,27221,40000.0,2,13.61,0.5000000000000004,0,1,34,0.1766650747584585,3000.0,3000.0,40000.32000000033,18.846086894394187,18.846086894394187,179.99999879258172,179.99999879258172,11.269403217711409,3.838884267030514,11.931798175777631,102.19000000000024,147.04268499999995,147.03502749999993,186.0,608.7032391287588,HELIX_ENTRY_R6P0,3000,120
DOE_1427_MULTIPATH_RASTER_A30_F500_S28,36688,40000.0,2,18.3435,0.5000000000000004,0,1,27,0.1301788050588748,500.0,500.0,39998.39999999495,7.631009654331279,0.977000364860124,90.0,136.72806867250284,7.48281344851563,3.396930032635436,10.209727626863742,92.78599999999938,137.9028263649997,138.0629435999997,187.35,585.7181694081562,MULTIPATH_RASTER_A30,500,121
DOE_1455_MULTIPATH_RASTER_A90_F500_S56,36691,40000.0,2,18.345,0.5000000000000004,0,1,27,0.1301681611294322,500.0,500.0,39998.39999999495,7.631192289353155,0.9771162432516406,90.0,136.71963749471314,8.131635458715854,3.095268424880569,10.19110364396284,92.78599999999938,138.42997199999982,137.8325567499998,187.35,585.4167594739056,MULTIPATH_RASTER_A90,500,122
DOE_1420_MULTIPATH_RASTER_A45_F500_S21,28869,40000.0,2,14.434,0.5000000000000004,0,1,15,0.1660951193321556,500.0,500.0,40000.32000000033,9.920608023328512,2.920309579672333,90.0,147.73933704275035,8.538316709616343,3.9492608741711583,11.515812783708084,92.78599999999938,146.59061979999996,145.88361979999996,187.2,602.6121471782735,MULTIPATH_RASTER_A45,500,123
DOE_1448_MULTIPATH_RASTER_A0_F500_S49,25302,40000.0,2,12.6505,0.5000000000000004,0,1,16,0.1897873685874634,500.0,500.0,40000.32000000033,9.920727206361184,0.9207272052880144,90.0,103.59873256583928,10.1913167848606,3.7373857990555774,12.27982866093962,92.78599999999938,149.14189699999983,149.89189699999983,187.5,608.0955466898836,MULTIPATH_RASTER_A0,500,124
DOE_1040_HELIX_ENTRY_R2P5_F10000_S21,17249,40000.0,2,8.623999999999999,0.4999999999999449,0,1,134,0.2757841034262855,10000.0,10000.0,40018.28401717683,7.151141000154709,7.151141000154709,179.99999879258172,179.99999879258172,193.269988214365,106.6208531507945,36.25103075096138,345.4227000000001,155.7923987,155.5789547,186.0,618.7047923312871,HELIX_ENTRY_R2P5,10000,125
DOE_1463_RAMP_DEPTH_D0P4_F1000_S04,38452,40000.0,2,19.2255,0.5000000000000004,0,1,46,0.1256631644647872,1000.0,1000.0,39820.13999999788,9.947116494211604,2.356098597536319,59.46139993449699,77.12121136342367,8.15469846020263,3.4222707605237344,9.980770277091592,92.78599999999938,134.80864559999975,134.88764559999976,186.5252099,585.0130155226419,RAMP_DEPTH_D0P4,1000,126
DOE_1112_CORNER_SEQUENCE_K1_F500_S053,28422,40000.0,2,14.2105,0.5000000000000004,0,1,14,0.1689536274716768,500.0,500.0,39999.83999999984,9.920608724572949,6.82936006958798,90.0,90.53908419008371,8.473940061809438,4.097546880688105,11.604036006459935,92.78599999999938,146.05135565000006,145.9467636500001,187.5,604.338282930357,CORNER_SEQUENCE_K1,500,127
DOE_1133_CORNER_SEQUENCE_K2_F500_S074,33048,40000.0,2,16.523500000000002,0.500000000000056,0,1,16,0.1460905349794238,500.0,500.0,39999.59999999874,10.295620809155237,6.082771791102235,88.82168055936809,90.0,8.817114577806766,3.666382922251039,10.763966795220911,92.78599999999938,140.54950769999988,141.01597619999987,187.5,596.1018033783265,CORNER_SEQUENCE_K2,500,128
DOE_1023_HELIX_ENTRY_R8P0_F3000_S04,30275,40000.0,2,15.137,0.500000000000056,0,1,30,0.159570602807597,3000.0,3000.0,39999.59999999874,25.13123814830424,25.006070343897058,178.92680139544115,179.06081173162508,10.862260742377076,3.543805076195959,11.271580594609077,126.8539999999998,143.18234174999984,143.17692414999985,186.0,604.9770281143553,HELIX_ENTRY_R8P0,3000,129
DOE_1126_CORNER_SEQUENCE_K3_F500_S067,27918,40000.0,2,13.9585,0.5000000000000004,0,1,12,0.1737230460634716,500.0,500.0,39999.83999999984,15.764137102359795,7.960657633029457,90.0,122.5045470493258,9.269415677979053,4.355401127424635,11.72706429007583,92.78599999999938,144.54327867999982,144.73814999999982,187.5,608.938174731605,CORNER_SEQUENCE_K3,500,130
DOE_1378_FREEFORM_POCKET_CLEARING_K4_F500_S079,33377,40000.0,2,16.688000000000002,0.500000000000056,0,1,70,0.1447104293375677,500.0,500.0,39999.59999999874,1.342759816083277,1.0145307380418065,13.67944416364501,26.78555000812312,10.114392045808476,2.9829745104536878,10.66233646583562,133.54900000000038,140.5713021199998,139.88020543999977,187.5,595.785024396803,FREEFORM_POCKET_CLEARING_K4,500,131
DOE_1364_FREEFORM_POCKET_CLEARING_K5_F500_S065,32377,40000.0,2,16.188000000000002,0.500000000000056,0,1,70,0.1496123791580443,500.0,500.0,39999.59999999874,1.2612207462779534,0.8261815165647266,10.164511895473916,31.109741848382992,10.570617202979752,3.027773358599605,10.82542017285964,140.4300000000003,141.3092254999998,142.0012352999998,187.5,597.2368082926382,FREEFORM_POCKET_CLEARING_K5,500,132
DOE_1008_ARC_TRANSITION_R2_F1000_S09,19544,40000.0,2,9.7715,0.4999999999999449,0,1,14,0.2470323372902169,1000.0,1000.0,40000.80000000253,16.665564128669388,6.282730768085561,90.0,101.82051814777286,13.019849604017082,3.963215609182233,13.967202048021342,127.86500000000078,150.45949479999996,154.60522629999997,187.5,618.1336986060268,ARC_TRANSITION_R2,1000,133
DOE_1470_RAMP_DEPTH_D0P2_F1000_S11,31220,40000.0,2,15.6095,0.500000000000056,0,1,38,0.1542600896860986,1000.0,1000.0,39999.59999999874,4.947657695698528,4.712466325334919,52.39736440905037,89.4259062388843,8.924571987917561,3.662160502591704,11.076279119932266,92.78599999999938,142.40046670000015,143.47946670000016,187.10541487,600.0699315370152,RAMP_DEPTH_D0P2,1000,134
DOE_1371_FREEFORM_POCKET_CLEARING_K2_F500_S072,33152,40000.0,2,16.5755,0.500000000000056,0,1,134,0.1459338803088803,500.0,500.0,39999.59999999874,0.664145125100442,0.4942987443972464,6.549151865406135,11.637344533942246,10.267066428157516,2.9921566705727405,10.698336388075372,136.2709999999989,140.57837182499978,140.58774404499977,187.5,596.0491923263618,FREEFORM_POCKET_CLEARING_K2,500,135
DOE_1322_FREEFORM_POCKET_CLEARING_K3_F500_S023,34486,40000.0,2,17.2425,0.500000000000056,0,1,102,0.1404048019486168,500.0,500.0,39999.35999999935,0.9495458256969784,0.6205453451375524,8.01109868094831,16.105272956677343,10.167951216848715,2.933219317520135,10.489245012561678,138.6490000000009,137.81537175000017,139.25139172500016,187.5,594.2754081459548,FREEFORM_POCKET_CLEARING_K3,500,136
DOE_1350_FREEFORM_POCKET_CLEARING_K1_F500_S051,35985,40000.0,2,17.992,0.5000000000000004,0,1,102,0.1348339585938585,500.0,500.0,39998.39999999495,1.001208785639611,0.6797491249983095,6.871894001143277,12.338794701007094,10.17749325989316,2.872112308944084,10.26824480762975,142.99199999999956,135.53570079999955,137.70856529999955,187.5,591.3409540354496,FREEFORM_POCKET_CLEARING_K1,500,137
DOE_1001_ARC_TRANSITION_R4_F1000_S02,25260,40000.0,2,12.6295,0.5000000000000004,0,1,14,0.1923990498812351,1000.0,1000.0,40000.32000000033,22.221936215648096,12.27466111809187,90.0,95.96068335503512,11.971637231776771,3.594047728746017,12.296047404417331,135.70199999999843,144.13716409999998,149.67546309999997,187.5,613.5842892416163,ARC_TRANSITION_R4,1000,138
DOE_1477_RAMP_DEPTH_D0P7_F1000_S18,28644,40000.0,2,14.3215,0.5000000000000004,0,1,30,0.1686915235302332,1000.0,1000.0,40000.32000000033,7.854484461242567,4.948591193751668,49.50927597368771,90.0,8.89126658803133,4.169595296162306,11.572329752551177,92.78599999999938,144.42980754999996,145.00880754999997,186.460052065,607.5466497081062,RAMP_DEPTH_D0P7,1000,139
DOE_1469_RAMP_DEPTH_D0P2_F500_S10,32005,40000.0,2,16.002000000000002,0.500000000000056,0,1,22,0.1502577722230901,500.0,500.0,39999.59999999874,6.999890497041386,2.356280833476423,52.61398950930767,90.0,8.77653546441778,3.551998369453541,10.928813447973624,92.78599999999938,142.39810379999992,142.89810379999992,187.30558888,597.108897407348,RAMP_DEPTH_D0P2,500,140
DOE_1036_HELIX_ENTRY_R2P5_F1000_S17,21659,40000.0,2,10.829,0.4999999999999449,0,1,20,0.2196315619373008,1000.0,1000.0,40000.80000000253,7.858969885772683,7.811671827123769,173.13999166175216,177.40132647356492,10.284540656574231,3.727585401768017,13.242332684989476,92.78599999999938,153.05382397999992,153.0519961999999,186.0,613.7954227743135,HELIX_ENTRY_R2P5,1000,141
DOE_1000_ARC_TRANSITION_R2_F500_S01,26118,40000.0,2,13.0585,0.5000000000000004,0,1,14,0.1830921203767516,500.0,500.0,40000.32000000033,8.334027371107332,6.13731283023425,90.0,95.94119318613826,9.831756536239643,3.479873777039312,12.074712373705038,92.78599999999938,147.90081959499983,149.97511689999982,187.5,606.5769800237138,ARC_TRANSITION_R2,500,142
DOE_1015_ARC_TRANSITION_R10_F1000_S16,37122,40000.0,2,18.5605,0.5000000000000004,0,1,14,0.13205107483433,1000.0,1000.0,39975.44317489231,30.62869541979089,20.443246933485373,90.0,92.392703702324,9.852213340296723,3.376080028388165,10.1677811959367,123.54099999999946,127.6948026500001,134.6797946500001,187.5,596.9613069188194,ARC_TRANSITION_R10,1000,143
DOE_1476_RAMP_DEPTH_D0P7_F500_S17,24334,40000.0,2,12.1665,0.5000000000000004,0,1,14,0.1983233336072984,500.0,500.0,40000.80000000253,8.000583972885613,4.713044129698263,48.889900852774375,90.15782862718784,9.737475135002397,4.420933285957659,12.546027288167226,92.78599999999938,148.89897459999986,148.89897459999986,187.156743205,612.8987927081114,RAMP_DEPTH_D0P7,500,144
DOE_1029_HELIX_ENTRY_R4P0_F1000_S10,26579,40000.0,2,13.289,0.5000000000000004,0,1,18,0.1799540991007938,1000.0,1000.0,40000.32000000033,12.576023760855673,12.441169543605447,172.85204983550702,180.0,9.75955472096024,3.3657713771263285,11.948312178195314,92.78599999999938,148.5899114500001,148.58900330000012,186.0,607.8156538202876,HELIX_ENTRY_R4P0,1000,145
DOE_1014_ARC_TRANSITION_R7_F500_S15,29366,40000.0,2,14.6825,0.500000000000056,0,1,10,0.1648845603759449,500.0,500.0,39999.59999999874,21.88695632844744,13.48523925879675,90.0,91.02727987145242,9.700487366382456,3.844715886231525,11.41907007421285,97.06759999999991,141.10407549999985,144.56268599999984,187.5,607.1543466239056,ARC_TRANSITION_R7,500,146
DOE_1022_HELIX_ENTRY_R6P0_F1000_S03,31124,40000.0,2,15.5615,0.500000000000056,0,1,16,0.1543503405731911,1000.0,1000.0,39999.59999999874,18.850023331613468,16.71674075880774,178.56830516861172,178.56831567120076,9.662931948864385,3.0982269846119745,11.050952367880882,102.19000000000024,143.31827470000005,143.31791670000004,186.758031475,600.2012661083412,HELIX_ENTRY_R6P0,1000,147
DOE_1007_ARC_TRANSITION_R10_F500_S08,35250,40000.0,2,17.6245,0.5000000000000004,0,1,10,0.1381560283687943,500.0,500.0,39998.39999999495,30.66832627166048,14.801686942355111,90.0,90.72063515163444,8.912721848090083,3.752740603118223,10.435406676164304,93.96549999999948,132.68013547500024,136.83312275000023,187.5,598.3745360791954,ARC_TRANSITION_R10,500,148
DOE_1043_HELIX_ENTRY_R8P0_F1000_S24,32659,40000.0,2,16.329,0.500000000000056,0,1,14,0.1479224716004776,1000.0,1000.0,39999.59999999874,25.1376413224981,17.914824844756566,176.42135903352363,177.88247333225084,10.009784168247634,3.0316556151318785,10.77691666215002,126.8539999999998,140.7053238999998,140.7052437499998,186.0,600.0604511783054,HELIX_ENTRY_R8P0,1000,149
DOE_1467_RAMP_DEPTH_D0P7_F10000_S08,29727,40000.0,2,14.863,0.500000000000056,0,1,126,0.1664143707740438,10000.0,10000.0,39999.59999999874,25.33656897793576,4.697434165538024,80.77661249941312,81.91326224766499,50.6493853493618,23.51710088058188,14.20547778158866,192.6300000000012,138.2134721999998,139.7134721999998,186.0,615.6582209822596,RAMP_DEPTH_D0P7,10000,150
DOE_1474_RAMP_DEPTH_D0P4_F10000_S15,25919,40000.0,2,12.959,0.5000000000000004,0,1,110,0.1905551911724989,10000.0,10000.0,40000.32000000033,19.937994602618105,7.758214446289694,75.60979890086621,77.26498126140872,47.647924895693,21.72950198663437,15.566762325676684,185.5979999999988,141.140123,143.640123,186.0,622.6678982119128,RAMP_DEPTH_D0P4,10000,151
DOE_0176_JITTER_LLONG_F500_S02,15085,40000.0,2,7.542000000000001,0.4999999999999449,0,1,247,0.3017567119655286,500.0,500.0,40018.28401718407,0.0210864001668878,0.0097884691217707,16.090670009051383,41.76844957736044,11.64063116673687,4.507975175853274,15.941684182789912,92.78599999999938,157.51335798,157.719234,187.59259812,616.4808184245229,JITTER_LLONG,500,152
DOE_0177_JITTER_LMIXED_F500_S01,13242,40000.0,2,6.620500000000001,0.4999999999999449,0,1,202,0.3438302371243014,500.0,500.0,40018.28401718648,0.0065135335837201,0.0018075143493692,9.6932767872317,34.889776730060305,12.346506114880128,4.75639870261598,16.97574149620705,92.78599999999938,158.45449805,158.45449805,187.59446788,617.5168531456782,JITTER_LMIXED,500,153
DOE_1056_HELIX_ENTRY_R2P5_F500_S37,27131,40000.0,2,13.565,0.5000000000000004,0,1,14,0.1751133389849249,500.0,500.0,40000.80000000253,7.855321026156925,7.709529375738565,175.85326883366918,176.56510348869807,9.147248746483864,3.3016831679496383,11.83047273960428,92.78599999999938,148.86329500000005,148.86310675000004,186.908049,604.0771515915625,HELIX_ENTRY_R2P5,500,154
DOE_0173_JITTER_LSHORT_F500_S01,12225,40000.0,2,6.112,0.4999999999999449,0,1,270,0.3722699386503068,500.0,500.0,40018.28401718648,0.001038461557045,0.0003314458376299,9.415229090752607,25.387512440771363,12.784194111383997,4.917272961972835,17.647889019719372,92.78599999999938,158.7155248,158.75393495999998,187.973054,617.7111948626585,JITTER_LSHORT,500,155
DOE_0274_JITTER_LMIXED_F3000_S02,6047,40000.0,2,3.023,0.5000000000000004,0,1,160,0.7526045973209856,3000.0,3000.0,40019.981073459465,0.003281135129386,0.0010535808784487,8.5978015602108,26.019400770473947,18.241870934843703,7.051043826450394,25.3778948435161,92.78599999999938,159.66849779999998,159.7019978,187.8764038,620.3104358885892,JITTER_LMIXED,3000,156
DOE_1049_HELIX_ENTRY_R4P0_F500_S30,30175,40000.0,2,15.087,0.500000000000056,0,1,12,0.1583761391880696,500.0,500.0,39999.59999999874,12.569914966458452,12.38239865922835,92.11204003087668,175.7062734027299,9.142701777878866,3.1344179396952243,11.212764832213317,92.78599999999938,145.27571529999986,145.27571529999986,186.611426,600.3263224705155,HELIX_ENTRY_R4P0,500,157
DOE_1042_HELIX_ENTRY_R6P0_F500_S23,39253,40000.0,2,19.626,0.5000000000000004,0,1,12,0.1225129289481058,500.0,500.0,39660.25385474859,18.85617065533887,15.364778458871546,92.35944963655623,175.2291605897331,8.597339347873154,2.745297689608617,9.825566800634231,102.19000000000024,134.18544410000038,134.18544410000038,186.01754638,583.400123123416,HELIX_ENTRY_R6P0,500,158
DOE_0221_JITTER_LSHORT_F1000_S01,8332,40000.0,2,4.165500000000001,0.5000000000000004,0,1,175,0.5462073931829092,1000.0,1000.0,40018.96283969229,0.0004494719123595,0.0002143536605344,26.49460581509904,55.14489447083771,15.484857870612096,5.956297560046679,21.40480773136205,92.78599999999938,159.58169575000002,159.58754575000003,187.99091562,619.3555523275505,JITTER_LSHORT,1000,159
DOE_1035_HELIX_ENTRY_R8P0_F500_S16,36251,40000.0,2,18.125,0.5000000000000004,0,1,10,0.1330446056660505,500.0,500.0,39998.39999999495,25.133180345672223,14.3,90.0051792059238,178.92591538384357,9.496849499230787,2.860731327260927,10.234704517788224,126.8539999999998,136.6925965,136.6925965,187.203711,590.420042488418,HELIX_ENTRY_R8P0,500,160
DOE_0001_RANDOMWALK3D_FINE_F500_S01,26674,40000.0,2,13.3365,0.5000000000000004,0,1,155,0.1700157456699407,500.0,500.0,40000.80000000253,0.457336487530706,0.1819087658882291,5.540322297213786,13.70595726324933,8.663970602900543,3.334942312035502,11.958517311327286,92.78599999999938,150.50587260000003,141.57037260000004,189.41043467,608.0182037062306,RANDOMWALK3D_FINE,500,161
DOE_0002_RANDOMWALK3D_FINE_F500_S02,27530,40000.0,2,13.7645,0.5000000000000004,0,1,155,0.1660370504903741,500.0,500.0,40000.80000000253,0.4765849663233367,0.238908363539017,5.292071340120143,15.715542750094844,8.535175040029253,3.284889951698927,11.752349373408304,92.78599999999938,133.6062660999999,149.75976609999992,177.634528035,630.5603937213732,RANDOMWALK3D_FINE,500,162
DOE_0003_RANDOMWALK3D_FINE_F500_S03,26618,40000.0,2,13.3085,0.5000000000000004,0,1,155,0.1715004883913141,500.0,500.0,40000.80000000253,0.4478019792015444,0.201239821902755,5.090924666508906,14.82833670933891,8.673044295045193,3.3442061350037084,11.953762446064054,92.78599999999938,140.56668539999984,143.62468539999983,185.60060407,621.4216244858105,RANDOMWALK3D_FINE,500,163
DOE_0004_RANDOMWALK3D_MIXED_F500_S01,36288,40000.0,2,18.1435,0.5000000000000004,0,1,125,0.12486221340388,500.0,500.0,39998.39999999495,0.8990476581653484,0.4455158674997687,8.00061376306896,24.29264534252674,7.446939871892429,2.863841475031118,10.26886093812203,92.78599999999938,138.40336595499969,125.44348469999969,190.252009705,595.6493100419526,RANDOMWALK3D_MIXED,500,164
DOE_0005_RANDOMWALK3D_MIXED_F500_S02,37262,40000.0,2,18.6305,0.5000000000000004,0,1,125,0.1222424990607052,500.0,500.0,39987.54000000028,0.992570726912,0.3886853647678923,6.912514491082208,21.75800491638413,7.333042246267715,2.821550816270437,10.12360027820686,92.78599999999938,117.11857118999994,110.16186159999994,177.94726829,645.1097201268763,RANDOMWALK3D_MIXED,500,165
DOE_0006_RANDOMWALK3D_MIXED_F500_S03,35096,40000.0,2,17.5475,0.5000000000000004,0,1,125,0.1298438568497834,500.0,500.0,39998.87999999885,0.8261209374206857,0.4132986854430556,6.1241572977482885,18.96483773344469,7.552928711061856,2.9035614619630263,10.425689237900208,92.78599999999938,142.00774800000033,142.00774800000033,177.942988,598.8045342594905,RANDOMWALK3D_MIXED,500,166
DOE_0007_RANDOMWALK3D_DENSE_F500_S01,21195,40000.0,2,10.597,0.4999999999999449,0,1,225,0.2150507195093182,500.0,500.0,40016.586960911096,0.2005687530185464,0.0789754062697373,4.581361799483259,12.710238611544556,9.723297874738655,3.750364668028728,13.391565106075223,92.78599999999938,139.4686413000001,151.95172950000008,186.86237629,629.1757975330819,RANDOMWALK3D_DENSE,500,167
DOE_0008_RANDOMWALK3D_DENSE_F500_S02,21201,40000.0,2,10.6,0.4999999999999449,0,1,225,0.2162633838026508,500.0,500.0,40011.60000000084,0.1980873847717078,0.0788539544802563,4.919458567007688,12.72943398664398,9.736488181575336,3.740349928096841,13.358898391268404,92.78599999999938,148.18931,146.1971545,182.46477,631.864250947381,RANDOMWALK3D_DENSE,500,168
DOE_0009_RANDOMWALK3D_DENSE_F500_S03,21414,40000.0,2,10.7065,0.4999999999999449,0,1,225,0.2116839450826562,500.0,500.0,40016.58696090627,0.2082087941634346,0.0870501218527214,4.432022300766267,13.586378049816997,9.682151818640293,3.722831448237931,13.357417821340176,92.78599999999938,153.1511563649999,147.55397363999992,189.48449424,615.2083134070822,RANDOMWALK3D_DENSE,500,169
DOE_0010_RANDOMWALK3D_ZACTIVE_F500_S01,28106,40000.0,2,14.0525,0.5000000000000004,0,1,145,0.1624208354088095,500.0,500.0,40000.32000000033,0.5347918273055322,0.2230182653695864,6.601200138347176,19.608715755115533,8.43990416990453,3.246475788147136,11.647053112648784,92.78599999999938,140.18401597500008,146.92644697500006,180.932133375,619.7380694281521,RANDOMWALK3D_ZACTIVE,500,170
DOE_0011_RANDOMWALK3D_ZACTIVE_F500_S02,28801,40000.0,2,14.4,0.5000000000000004,0,1,145,0.1595777924377625,500.0,500.0,40000.32000000033,0.5668832765225353,0.1952769208768341,7.912101044594094,24.448280478248183,8.337800947854737,3.2109738612807823,11.473328778830762,92.78599999999938,148.3837385,148.59905,180.497204,607.976543302035,RANDOMWALK3D_ZACTIVE,500,171
DOE_0012_RANDOMWALK3D_ZACTIVE_F500_S03,28370,40000.0,2,14.1845,0.5000000000000004,0,1,145,0.1612618963694043,500.0,500.0,40000.32000000033,0.542090521350644,0.2081336550599639,7.267465444044634,22.16327138073791,8.404177584252599,3.2337842925999016,11.58648835314369,92.78599999999938,148.46250039500012,136.59022603500011,181.782089245,619.7847282578641,RANDOMWALK3D_ZACTIVE,500,172
DOE_0013_RANDOMWALK3D_FINE_F1500_S01,16054,40000.0,3,8.026499999999999,0.4999999999999449,0,1,155,0.2840413604086209,1500.0,500.0,40018.28401718407,0.4505844162659103,0.2231608267696892,4.413417288990903,9.342158335991671,11.271409705273578,4.376666715160132,15.472671536620254,92.78599999999938,153.64956963499995,157.37534359999995,181.225309055,627.9583879589164,RANDOMWALK3D_FINE,1500,173
DOE_0015_RANDOMWALK3D_FINE_F1500_S03,16277,40000.0,3,8.138,0.4999999999999449,0,1,155,0.2793512317994716,1500.0,500.0,40018.28401718407,0.4747511082824755,0.2116640846376557,4.347674642443742,11.335287223370797,11.242613564676263,4.368591596977859,15.414759345442247,92.78599999999938,143.2175284,157.2765284,178.0156976,643.0203735175982,RANDOMWALK3D_FINE,1500,174
DOE_0016_RANDOMWALK3D_MIXED_F1500_S01,19148,40000.0,3,9.5735,0.4999999999999449,0,1,125,0.2393983705870064,1500.0,1500.0,40014.88990463571,0.8595412943281188,0.4329905354434195,6.325373349642238,19.58117360228545,10.436307160494271,4.056971208483526,14.18799890619526,92.78599999999938,141.15088698499994,126.44373402999992,178.20322899,671.0360176091959,RANDOMWALK3D_MIXED,1500,175
DOE_0017_RANDOMWALK3D_MIXED_F1500_S02,19337,40000.0,3,9.668,0.4999999999999449,0,1,125,0.2338004861147024,1500.0,1500.0,40017.59999999934,0.93000842342932,0.4066478876673009,6.377870240088277,16.813936262070857,10.37154401826356,4.052153372557224,14.117778241210122,92.78599999999938,155.72353839999997,155.72353839999997,181.5565261,620.3779238919853,RANDOMWALK3D_MIXED,1500,176
DOE_0018_RANDOMWALK3D_MIXED_F1500_S03,19039,40000.0,3,9.519,0.4999999999999449,0,1,125,0.241241661851988,1500.0,1500.0,40018.284017181664,0.8651710702022958,0.4252125946804065,5.195739000007174,17.481609016220624,10.547800930421491,4.062026115085249,14.158096360011724,92.78599999999938,126.43628542999994,126.51927368999992,180.56828526,683.5947089332857,RANDOMWALK3D_MIXED,1500,177
DOE_0019_RANDOMWALK3D_DENSE_F1500_S01,14136,40000.0,3,7.0675,0.4999999999999449,0,1,225,0.3258347481607244,1500.0,500.0,40018.28401718648,0.1763043134827923,0.0698304414273051,2.8673230518162773,8.277824352862273,12.14192684008584,4.706554930083434,16.340848173693345,92.78599999999938,158.14500124999998,158.14492682499997,178.81676275,629.1000900365657,RANDOMWALK3D_DENSE,1500,178
DOE_0020_RANDOMWALK3D_DENSE_F1500_S02,14098,40000.0,3,7.048500000000001,0.4999999999999449,0,1,225,0.3228826783940984,1500.0,500.0,40018.28401718648,0.1951273797682917,0.071981253843439,3.525118240368572,7.39752555099773,12.08614569001374,4.725051593681813,16.48014557462951,92.78599999999938,143.33778609,158.15883105,185.975500765,634.7999357792341,RANDOMWALK3D_DENSE,1500,179
DOE_0021_RANDOMWALK3D_DENSE_F1500_S03,14299,40000.0,3,7.149,0.4999999999999449,0,1,225,0.3151968669137702,1500.0,500.0,40018.28401718407,0.2077859281980244,0.0836412327673031,3.152551347322884,7.1967937604001015,12.105895881557258,4.713562436505275,16.464126770337487,92.78599999999938,158.0852365,158.0852365,190.16053361,613.2356338418758,RANDOMWALK3D_DENSE,1500,180
DOE_0022_RANDOMWALK3D_ZACTIVE_F1500_S01,16485,40000.0,3,8.241999999999999,0.4999999999999449,0,1,145,0.2791628753412193,1500.0,500.0,40018.28401718407,0.5001703040895626,0.2121685440727869,5.745386639320464,19.997602987474767,11.264047085463927,4.348304218209279,15.292076602983736,92.78599999999938,157.18259539999997,156.93674561999998,177.7835023,628.8728186160583,RANDOMWALK3D_ZACTIVE,1500,181
DOE_0023_RANDOMWALK3D_ZACTIVE_F1500_S02,16814,40000.0,3,8.4065,0.4999999999999449,0,1,145,0.2691209706197217,1500.0,1500.0,40018.284017181664,0.5621188897929669,0.2321848273191662,6.027963502660629,15.49661072585488,11.091149912685545,4.31075842276442,15.160734475479062,92.78599999999938,148.58100940499995,134.60303869999996,189.517966445,644.6441716392964,RANDOMWALK3D_ZACTIVE,1500,182
DOE_0024_RANDOMWALK3D_ZACTIVE_F1500_S03,16403,40000.0,3,8.200999999999999,0.4999999999999449,0,1,145,0.2776321404621106,1500.0,500.0,40018.28401718407,0.5195445210915375,0.2221648488920048,6.028908247086954,16.139831731771956,11.194679126767054,4.350720876944092,15.347364276695073,92.78599999999938,156.10584570999998,157.21985619999998,184.95141495,619.7857386438072,RANDOMWALK3D_ZACTIVE,1500,183
DOE_0025_RANDOMWALK3D_FINE_F3000_S01,13099,40000.0,3,6.549,0.4999999999999449,0,1,155,0.3455225589739675,3000.0,500.0,40018.28401718648,0.3761570754416491,0.1734120805252829,4.082008943574918,8.989628204685133,13.373112273400809,5.53249263984171,17.31086145795885,92.78599999999938,152.5121425,152.01099136000002,190.23537484,626.9938817091801,RANDOMWALK3D_FINE,3000,184
DOE_0026_RANDOMWALK3D_FINE_F3000_S02,13272,40000.0,3,6.6355,0.4999999999999449,0,1,155,0.3464436407474382,3000.0,500.0,40018.28401718648,0.4012800523306731,0.1744873917751236,3.459922959900098,8.958404535154818,13.281895872445183,5.140333124282057,17.153657542526993,92.78599999999938,145.2329352,156.67999702499998,178.1416235,646.0775198463214,RANDOMWALK3D_FINE,3000,185
DOE_0028_RANDOMWALK3D_MIXED_F3000_S01,14683,40000.0,3,7.341,0.4999999999999449,0,1,125,0.3124702036368589,3000.0,500.0,40018.28401718648,0.8002486969943178,0.3553434778628461,4.802409755283569,13.348017029975429,12.613989432217876,5.091904961338627,16.4458313979869,92.78599999999938,141.49759174000002,151.68334631000002,177.98721203,653.1759779728484,RANDOMWALK3D_MIXED,3000,186
DOE_0029_RANDOMWALK3D_MIXED_F3000_S02,15306,40000.0,3,7.6525,0.4999999999999449,0,1,125,0.2964197046909708,3000.0,500.0,40018.28401718407,1.0407626130938907,0.444623494946139,4.906235049961076,11.876985744930227,11.88173593773302,4.920596034619547,16.102180629540335,92.78599999999938,156.48325115000003,141.84293187500003,178.4682213,646.3534075666691,RANDOMWALK3D_MIXED,3000,187
DOE_0030_RANDOMWALK3D_MIXED_F3000_S03,14904,40000.0,3,7.4515,0.4999999999999449,0,1,125,0.3092458400429415,3000.0,500.0,40018.28401718648,0.8909235973200791,0.4063419314252439,5.272920278128309,15.08308830708866,12.028035019852856,5.052409243965074,16.235645922128334,92.78599999999938,157.84016289999994,157.85416289999995,177.96613462,629.7279761225941,RANDOMWALK3D_MIXED,3000,188
DOE_0031_RANDOMWALK3D_DENSE_F3000_S01,12483,40000.0,3,6.2410000000000005,0.4999999999999449,0,1,225,0.3685011615797484,3000.0,500.0,40018.79313406644,0.1953596395938877,0.0729080666518724,1.7692440243716614,4.518610660102737,13.232009067352214,5.229540841335292,17.750262382794485,92.78599999999938,152.93332636000002,157.63387392000004,178.10994803,638.1229967901347,RANDOMWALK3D_DENSE,3000,189
DOE_0032_RANDOMWALK3D_DENSE_F3000_S02,12322,40000.0,3,6.1605,0.4999999999999449,0,1,225,0.3664177893199156,3000.0,500.0,40018.28401718407,0.1861814938364537,0.0720076096314655,1.78198240891357,3.9148131299256574,13.501749856334996,5.430141600003725,17.769723402898823,92.78599999999938,158.74032914999998,158.20096995999998,190.17127093,615.1312274936766,RANDOMWALK3D_DENSE,3000,190
DOE_0033_RANDOMWALK3D_DENSE_F3000_S03,12406,40000.0,3,6.202500000000001,0.4999999999999449,0,1,225,0.3636143801386426,3000.0,500.0,40018.28401718648,0.1920540732794928,0.0715523648429849,2.264900602855517,5.054896838039569,13.430129241610077,5.4373776643416525,17.801267441164974,92.78599999999938,144.94482795000005,154.26762675000003,190.183437625,633.7094789888858,RANDOMWALK3D_DENSE,3000,191
DOE_0039_RANDOMWALK3D_FINE_F6000_S03,12049,40000.0,3,6.024,0.4999999999999449,0,1,155,0.3824383766287659,6000.0,500.0,40018.28401718648,0.3900562655097535,0.1781915128107935,2.6412622335318083,6.887302352828491,15.930151031549652,6.796552821349114,18.666178783948915,92.78599999999938,151.56830852000002,158.8187468,178.30313068,638.5980596104156,RANDOMWALK3D_FINE,6000,192
DOE_0040_RANDOMWALK3D_MIXED_F6000_S01,12734,40000.0,3,6.3665,0.4999999999999449,0,1,125,0.3595099732998272,6000.0,500.0,40018.28401718648,0.8353575484309741,0.345685383843284,4.475471022876403,10.407531370102555,16.04443379317387,5.902931045666556,17.910404908797197,92.78599999999938,150.92785724,129.88692315,183.753517505,661.8712427614083,RANDOMWALK3D_MIXED,6000,193
DOE_0041_RANDOMWALK3D_MIXED_F6000_S02,12819,40000.0,3,6.409000000000001,0.4999999999999449,0,1,125,0.355019892347297,6000.0,500.0,40018.28401718648,0.8413985646769085,0.3467162883386294,2.9125805283976787,14.48295927448154,15.817622669023065,6.4112271419769655,18.428168573297437,92.78599999999938,156.02620346999998,145.67754879999998,181.74866905,641.9263051148661,RANDOMWALK3D_MIXED,6000,194
DOE_0042_RANDOMWALK3D_MIXED_F6000_S03,12830,40000.0,3,6.4145,0.4999999999999449,0,1,125,0.3538581449727201,6000.0,500.0,40018.28401718648,0.8935401028247564,0.3542236480725884,3.356540618419197,11.101117729714367,15.93734932418713,6.31454635109594,18.069312172075737,92.78599999999938,142.46684395499994,149.42701921999995,179.05807442,655.6719557996397,RANDOMWALK3D_MIXED,6000,195
DOE_0046_RANDOMWALK3D_ZACTIVE_F6000_S01,12146,40000.0,3,6.072500000000001,0.4999999999999449,0,1,145,0.3725506339535649,6000.0,500.0,40018.28401718648,0.5288277689767814,0.1937796088175691,3.781050356116322,9.75822778973149,14.913738582890188,6.081562837788132,20.118529028145044,92.78599999999938,158.79120725,157.07468394999998,187.06728205,620.7019298819623,RANDOMWALK3D_ZACTIVE,6000,196
DOE_0047_RANDOMWALK3D_ZACTIVE_F6000_S02,12167,40000.0,3,6.083,0.4999999999999449,0,1,145,0.3759349058929892,6000.0,500.0,40018.28401718648,0.5132641336081347,0.1874010150068491,3.5676294066125025,6.755082662343315,14.945751395106152,6.11910125144593,18.988569736600837,92.78599999999938,158.03373901,135.6567023,180.3727459,653.5462447159329,RANDOMWALK3D_ZACTIVE,6000,197
DOE_0048_RANDOMWALK3D_ZACTIVE_F6000_S03,12022,40000.0,3,6.0105,0.4999999999999449,0,1,145,0.3803027782398935,6000.0,500.0,40018.28401718648,0.4240839865498659,0.1422113762220556,2.768676723151688,7.884744037809369,16.012429950577577,7.077426994555208,18.714846182449783,92.78599999999938,152.56836484999997,158.82636484999998,178.6734124,637.0686621332231,RANDOMWALK3D_ZACTIVE,6000,198
DOE_0067_RANDOMWALK3D_DENSE_F15000_S01,11024,40000.0,3,5.5115,0.4999999999999449,0,1,225,0.411465892597968,15000.0,500.0,40018.28401718648,0.106380742397297,0.0430340467699337,2.1756570602466505,7.166216380378958,29.79437721354031,12.59240993865656,19.978211980166723,312.8627,159.08386754499998,150.7708074,190.19422909,624.0263169611871,RANDOMWALK3D_DENSE,15000,199
DOE_0068_RANDOMWALK3D_DENSE_F15000_S02,10966,40000.0,3,5.4825,0.4999999999999449,0,1,225,0.4100857194966259,15000.0,500.0,40018.28401718648,0.1227888809064138,0.0631182138745944,1.5810008944928118,4.09746903816792,25.77600995580656,10.16789926847381,21.32783866222687,274.7379,159.07240025,159.10113825,189.432910525,616.357003295196,RANDOMWALK3D_DENSE,15000,200
DOE_0069_RANDOMWALK3D_DENSE_F15000_S03,10978,40000.0,3,5.4885,0.4999999999999449,0,1,225,0.4102750956458371,15000.0,500.0,40018.28401718648,0.1192954784432345,0.0701539760428493,1.4369525501986955,3.2992460949551683,22.11747867566613,8.018828928467714,23.39174632060524,209.76480000000032,157.04466840499998,145.32827084999997,189.45859085,633.0278044447159,RANDOMWALK3D_DENSE,15000,201
DOE_0073_SUBMM_X_REV_L0.05_F500,13264,40000.0,2,6.6315,0.4999999999999449,0,1,325,0.3410735826296743,500.0,500.0,40018.28401718407,0.001538,0.001538,180.0,180.0,12.272528349754134,4.719375768110589,16.985590523897,92.78599999999938,158.44726114999995,158.44726114999995,192.5,610.7939722422695,SUBMM_X_REV_L0.05,500,202
DOE_0074_SUBMM_Y_REV_L0.05_F500,13264,40000.0,2,6.6315,0.4999999999999449,0,1,325,0.3410735826296743,500.0,500.0,40018.28401718407,0.001538,0.001538,180.0,180.0,12.275607676803087,4.839983661760547,16.998030828799013,92.78599999999938,158.44726114999995,158.44726114999995,192.5,610.7939722422695,SUBMM_Y_REV_L0.05,500,203
DOE_0075_SUBMM_XY_ZIGZAG_L0.05_F500,14864,40000.0,2,7.431500000000001,0.4999999999999449,0,1,325,0.3043595263724435,500.0,500.0,40018.284017181664,0.0135607066164255,0.0135607066164255,90.00000000000001,90.00000000000003,12.766150337312176,5.264871768641507,16.11260892250338,92.78599999999938,157.86984104999996,157.86563254999996,192.5,609.6010243904389,SUBMM_XY_ZIGZAG_L0.05,500,204
DOE_0076_SUBMM_XYZ_JITTER_L0.05_F500,12573,40000.0,2,6.2860000000000005,0.4999999999999449,0,1,325,0.359739123518651,500.0,500.0,40018.28401718648,0.0100473346943591,0.0044990885523672,11.530540542413704,39.82903014488509,12.76017055573328,4.968580855077867,17.477905721069273,92.78599999999938,158.40227036000002,158.56844500000005,192.45035386,611.6892218660141,SUBMM_XYZ_JITTER_L0.05,500,205
DOE_0077_SUBMM_X_REV_L0.10_F500,17104,40000.0,2,8.551499999999999,0.4999999999999449,0,1,325,0.2644995322731525,500.0,500.0,40018.284017181664,0.00352,0.00352,180.0,180.0,11.283651568640652,4.17005465880251,14.956564043374687,92.78599999999938,156.89300505000006,156.89300505000006,192.5,607.575773273552,SUBMM_X_REV_L0.10,500,206
DOE_0078_SUBMM_Y_REV_L0.10_F500,17104,40000.0,2,8.551499999999999,0.4999999999999449,0,1,325,0.2644995322731525,500.0,500.0,40018.284017181664,0.00352,0.00352,180.0,180.0,10.809911600043282,4.319608112055557,15.02451686730115,92.78599999999938,156.89300505000006,156.89300505000006,192.5,607.575773273552,SUBMM_Y_REV_L0.10,500,207
DOE_0079_SUBMM_XY_ZIGZAG_L0.10_F500,20304,40000.0,2,10.1515,0.4999999999999449,0,1,325,0.2228132387706855,500.0,500.0,40000.80000000253,0.0404928214043206,0.0404928213598857,90.0,90.0,10.677438924538324,4.316074643450625,13.751677161294143,92.78599999999938,155.15654810000007,155.14344810000006,192.5,604.0113380054567,SUBMM_XY_ZIGZAG_L0.10,500,208
DOE_0080_SUBMM_XYZ_JITTER_L0.10_F500,15501,40000.0,2,7.75,0.4999999999999449,0,1,325,0.291852138571705,500.0,500.0,40018.28401718407,0.0258173667207449,0.0101853149598608,22.000632712480368,62.39074838165504,11.828562908861583,4.669193505084845,15.757608958319056,92.78599999999938,157.30608999999998,157.26099,192.396628,609.8840959067373,SUBMM_XYZ_JITTER_L0.10,500,209
DOE_0081_SUBMM_X_REV_L0.20_F500,22864,40000.0,2,11.4315,0.5000000000000004,0,1,285,0.1978656403079076,500.0,500.0,40000.80000000253,0.00751,0.00751,180.0,180.0,9.413046383210174,3.592758680261728,12.936226143994867,92.78599999999938,153.47852314999992,153.47852314999992,192.5,600.5582873846971,SUBMM_X_REV_L0.20,500,210
DOE_0082_SUBMM_Y_REV_L0.20_F500,22864,40000.0,2,11.4315,0.5000000000000004,0,1,285,0.1978656403079076,500.0,500.0,40000.80000000253,0.00751,0.00751,180.0,180.0,9.34288452332522,3.661153116249453,12.938682795580672,92.78599999999938,153.47852314999992,153.47852314999992,192.5,600.5582873846971,SUBMM_Y_REV_L0.20,500,211
DOE_0083_SUBMM_XY_ZIGZAG_L0.20_F500,28464,40000.0,2,14.2315,0.5000000000000004,0,1,285,0.15893760539629,500.0,500.0,39999.59999999874,0.2012343744241231,0.2012343741379004,90.00000000000001,90.00000116636448,9.851140027777458,3.9790564160545863,11.630483896644504,92.78599999999938,148.9129409499999,148.8499554499999,192.5,591.3548533461577,SUBMM_XY_ZIGZAG_L0.20,500,212
DOE_0084_SUBMM_XYZ_JITTER_L0.20_F500,19748,40000.0,2,9.8735,0.4999999999999449,0,1,285,0.229086489771116,500.0,500.0,40018.11431155617,0.0796793238611008,0.029113468160766,29.00167430612153,89.2379933081831,10.761612515826592,4.244003238525065,13.97063670838239,92.78599999999938,154.99892899149995,154.41250344999995,192.157142875,606.756565844887,SUBMM_XYZ_JITTER_L0.20,500,213
DOE_0085_SUBMM_X_REV_L0.50_F500,38224,40000.0,2,19.1115,0.5000000000000004,0,1,245,0.1183549602344077,500.0,500.0,39722.69520003893,0.289604,0.289604,180.0,180.0,11.084578732080509,2.7866598145084267,10.006692824151912,92.78599999999938,138.39225369999963,138.39225369999963,192.5,570.4772800675944,SUBMM_X_REV_L0.50,500,214
DOE_0086_SUBMM_Y_REV_L0.50_F500,38224,40000.0,2,19.1115,0.5000000000000004,0,1,245,0.1183549602344077,500.0,500.0,39722.69520003893,0.289604,0.289604,180.0,180.0,7.2284691872775,4.781730493280149,10.066359832221814,92.78599999999938,138.39225369999963,138.39225369999963,192.5,570.4772800675944,SUBMM_Y_REV_L0.50,500,215
DOE_0087_SUBMM_XY_ZIGZAG_L0.50_F500,50224,40000.0,2,25.1115,0.4999999999999449,0,1,245,0.090076457470532,500.0,500.0,30679.53400831723,0.6279712173014125,0.6279712172820826,90.0,90.00000000000001,7.065101444206486,2.80749632480909,8.744740331559713,92.78599999999938,124.24701184999962,124.03437334999964,192.5,543.9991710247291,SUBMM_XY_ZIGZAG_L0.50,500,216
DOE_0088_SUBMM_XYZ_JITTER_L0.50_F500,32217,40000.0,2,16.108,0.500000000000056,0,1,245,0.1402986001179501,500.0,500.0,39999.59999999874,0.3039141245725792,0.1411266747365922,49.351847362834405,115.5197600570597,8.837671909562602,3.5348863192192463,10.966319396143586,92.78599999999938,142.22533,143.30391642000004,192.43236758,588.7147884943892,SUBMM_XYZ_JITTER_L0.50,500,217
DOE_0089_SUBMM_X_REV_L0.80_F500,55504,40000.0,2,27.7515,0.4999999999997229,0,1,245,0.0815076390890746,500.0,500.0,24830.565605560245,0.589604,0.589604,180.0,180.0,8.868247811137788,2.3140301112306725,8.30507054082457,92.78599999999938,118.02151785000014,118.02151785000014,192.5,532.5951834225908,SUBMM_X_REV_L0.80,500,218
DOE_0090_SUBMM_Y_REV_L0.80_F500,55504,40000.0,2,27.7515,0.4999999999997229,0,1,245,0.0815076390890746,500.0,500.0,24830.565605560245,0.589604,0.589604,180.0,180.0,5.998439437801557,3.62733614517254,8.372958758245135,92.78599999999938,118.02151785000014,118.02151785000014,192.5,532.5951834225908,SUBMM_Y_REV_L0.80,500,219
DOE_0091_SUBMM_XY_ZIGZAG_L0.80_F500,74704,40000.0,2,37.3515,0.4999999999997229,0,1,245,0.0605590062111801,500.0,500.0,6513.102000000134,1.0522352860674684,1.0522352859940112,90.0,90.00000000000001,5.78261369167724,2.30361870778307,7.170256656853474,92.78599999999938,95.38334770000014,95.02100070000014,192.5,495.2634493763688,SUBMM_XY_ZIGZAG_L0.80,500,220
DOE_0092_SUBMM_XYZ_JITTER_L0.80_F500,46019,40000.0,2,23.009,0.4999999999999449,0,1,245,0.0981768400008692,500.0,500.0,35074.02000000058,0.5583729753895879,0.2439410034394107,62.147811666941045,129.10876352805886,7.307109090843278,2.980514889106175,9.19732186102462,92.78599999999938,129.09054851999994,126.62445426999996,192.40542813,555.6490687618583,SUBMM_XYZ_JITTER_L0.80,500,221
DOE_0093_SUBMM_X_REV_L0.05_F1500,10704,40000.0,3,5.351500000000001,0.4999999999999449,0,1,325,0.4226457399103139,1500.0,500.0,40018.28401718648,0.0008,0.0007999999999999,180.0,180.0,13.656036769319227,5.249168957319718,18.90659581211787,92.78599999999938,159.16259184999998,159.16259184999998,192.5,612.2800381812864,SUBMM_X_REV_L0.05,1500,222
DOE_0094_SUBMM_Y_REV_L0.05_F1500,10704,40000.0,3,5.351500000000001,0.4999999999999449,0,1,325,0.4226457399103139,1500.0,500.0,40018.28401718648,0.0008,0.0007999999999999,180.0,180.0,13.654446445553654,5.251227484336519,18.90665002452871,92.78599999999938,159.16259184999998,159.16259184999998,192.5,612.2800381812864,SUBMM_Y_REV_L0.05,1500,223
DOE_0096_SUBMM_XYZ_JITTER_L0.05_F1500,10458,40000.0,3,5.2285,0.4999999999999995,0,1,325,0.4325874928284567,1500.0,500.0,40018.96283969248,0.0065230508372338,0.0021421027988007,7.714382048330683,26.35928300883609,14.037162181364623,5.505611413169965,19.16798094235701,92.78599999999938,159.1562756,159.00903909500002,192.380185495,612.8382748253149,SUBMM_XYZ_JITTER_L0.05,1500,224
DOE_0099_SUBMM_XY_ZIGZAG_L0.10_F1500,12944,40000.0,3,6.471500000000001,0.4999999999999449,0,1,325,0.3495055624227441,1500.0,500.0,40018.28401718407,0.0132287190243119,0.0132287190243119,90.0,90.00000000000001,16.32456299703127,5.0259112132923365,17.65892703229183,92.78599999999938,158.55070825,158.54649974999998,192.5,611.0130562015055,SUBMM_XY_ZIGZAG_L0.10,1500,225
DOE_0104_SUBMM_XYZ_JITTER_L0.20_F1500,12972,40000.0,3,6.4855,0.4999999999999449,0,1,285,0.3482886216466235,1500.0,500.0,40018.28401718648,0.0486044759287032,0.0183956521532628,14.17982664627573,43.95313487500149,14.670415653902085,6.125374765229425,17.398538482816164,92.78599999999938,158.54182524999996,158.44144820999995,192.505271405,611.0872968594111,SUBMM_XYZ_JITTER_L0.20,1500,226
DOE_0105_SUBMM_X_REV_L0.50_F1500,19024,40000.0,3,9.5115,0.4999999999999449,0,1,245,0.2378048780487804,1500.0,1500.0,40016.58696090627,0.07317,0.0731699999999999,180.0,180.0,18.960043222261746,3.984858248022717,14.2114693276409,92.78599999999938,155.89923895000004,155.89923895000004,192.5,605.525871983612,SUBMM_X_REV_L0.50,1500,227
DOE_0106_SUBMM_Y_REV_L0.50_F1500,19024,40000.0,3,9.5115,0.4999999999999449,0,1,245,0.2378048780487804,1500.0,1500.0,40016.58696090627,0.07317,0.0731699999999999,180.0,180.0,10.27545237860258,9.668104019777523,14.607447091076686,92.78599999999938,155.89923895000004,155.89923895000004,192.5,605.525871983612,SUBMM_Y_REV_L0.50,1500,228
DOE_0107_SUBMM_XY_ZIGZAG_L0.50_F1500,23104,40000.0,3,11.5515,0.5000000000000004,0,1,245,0.1958102493074792,1500.0,1500.0,40000.80000000253,0.4522434937665502,0.4522434934901254,90.0,90.00000000000001,18.78071638216408,8.320274822648988,13.06867659062646,92.78599999999938,153.30808930000006,153.16817530000006,192.5,600.3529294059407,SUBMM_XY_ZIGZAG_L0.50,1500,229
DOE_0108_SUBMM_XYZ_JITTER_L0.50_F1500,16737,40000.0,3,8.367999999999999,0.4999999999999449,0,1,245,0.2704188325267371,1500.0,1500.0,40018.284017181664,0.1700922811830355,0.0661966550332798,26.56176111886828,85.1539468714198,15.172598108595071,6.575586429943197,15.419688669626604,92.78599999999938,154.15579653999998,156.91974677999997,192.03728648,611.7423706816713,SUBMM_XYZ_JITTER_L0.50,1500,230
DOE_0109_SUBMM_X_REV_L0.80_F1500,24784,40000.0,3,12.3915,0.5000000000000004,0,1,245,0.1825371207230471,1500.0,1500.0,40000.80000000253,0.172308,0.1723079999999999,180.0,180.0,18.46988749568,3.5702520298100087,12.441702030432223,92.78599999999938,152.05158234999988,152.05158234999988,192.5,597.6474458751668,SUBMM_X_REV_L0.80,1500,231
DOE_0110_SUBMM_Y_REV_L0.80_F1500,24784,40000.0,3,12.3915,0.5000000000000004,0,1,245,0.1825371207230471,1500.0,1500.0,40000.80000000253,0.172308,0.1723079999999999,180.0,180.0,8.992916166599827,8.615219468143652,12.897728352712496,92.78599999999938,152.05158234999988,152.05158234999988,192.5,597.6474458751668,SUBMM_Y_REV_L0.80,1500,232
DOE_0111_SUBMM_XY_ZIGZAG_L0.80_F1500,31264,40000.0,3,15.6315,0.500000000000056,0,1,245,0.1447031729785056,1500.0,1500.0,39999.59999999874,0.8948525117764439,0.8948525102884965,90.0,90.00000000000001,15.288543742932442,6.330215214289503,11.244034270838409,92.78599999999938,146.1711158999999,145.8823768999999,192.5,586.0809985685604,SUBMM_XY_ZIGZAG_L0.80,1500,233
DOE_0112_SUBMM_XYZ_JITTER_L0.80_F1500,21016,40000.0,3,10.5075,0.4999999999999449,0,1,245,0.2153121431290445,1500.0,1500.0,40016.58696090627,0.3600406640510021,0.1386501822061022,37.16192492885288,103.89244003037932,14.552300317945209,6.563816529772692,13.865410327973308,92.78599999999938,153.15893304999992,152.2336102499999,191.926342825,608.0354045722854,SUBMM_XYZ_JITTER_L0.80,1500,234
DOE_0115_SUBMM_XY_ZIGZAG_L0.05_F3000,10384,40000.0,3,5.1915,0.5000000000000004,0,1,325,0.4356702619414483,3000.0,500.0,40018.28401718648,0.0019818616595847,0.0019818616595847,90.00000000000006,90.00000000000023,13.905418974404933,5.333417151309925,19.196262352427382,92.78599999999938,159.23393265,159.23337014999998,192.5,612.4289991594458,SUBMM_XY_ZIGZAG_L0.05,3000,235
DOE_0117_SUBMM_X_REV_L0.10_F3000,10704,40000.0,3,5.351500000000001,0.4999999999999449,0,1,325,0.4226457399103139,3000.0,500.0,40018.28401718648,0.0016,0.0015999999999999,180.0,180.0,13.66093095590046,5.249317871524808,18.90659374888983,92.78599999999938,159.16259184999998,159.16259184999998,192.5,612.2800381812864,SUBMM_X_REV_L0.10,3000,236
DOE_0118_SUBMM_Y_REV_L0.10_F3000,10704,40000.0,3,5.351500000000001,0.4999999999999449,0,1,325,0.4226457399103139,3000.0,500.0,40018.28401718648,0.0016,0.0015999999999999,180.0,180.0,13.654552331121735,5.256883550667716,18.906940696384986,92.78599999999938,159.16259184999998,159.16259184999998,192.5,612.2800381812864,SUBMM_Y_REV_L0.10,3000,237
DOE_0120_SUBMM_XYZ_JITTER_L0.10_F3000,10454,40000.0,3,5.226500000000001,0.4999999999999995,0,1,325,0.432944327530132,3000.0,500.0,40018.96283969272,0.0140913894677438,0.0043005088271605,7.003082989979512,18.625519012724418,14.71514994826867,6.194796116714727,19.235801986985283,92.78599999999938,159.21865239999997,158.93965239999997,192.07982493,613.256486616563,SUBMM_XYZ_JITTER_L0.10,3000,238
DOE_0123_SUBMM_XY_ZIGZAG_L0.20_F3000,12504,40000.0,3,6.2515,0.4999999999999449,0,1,285,0.3618042226487524,3000.0,500.0,40018.28401718407,0.0264562565055706,0.0264562565055705,90.0,90.00000000000001,23.783110563649267,5.711025899250783,19.098356281072917,92.78599999999938,158.6864455,158.67802899999998,192.5,611.2992629166945,SUBMM_XY_ZIGZAG_L0.20,3000,239
DOE_0125_SUBMM_X_REV_L0.50_F3000,14224,40000.0,3,7.1115,0.4999999999999449,0,1,245,0.3180539932508436,3000.0,500.0,40018.284017181664,0.0476199999999999,0.0476199999999999,180.0,180.0,26.50916994648601,5.554168209944697,16.536221647174674,92.78599999999938,158.11285525000002,158.11285525000002,192.5,610.1003195888851,SUBMM_X_REV_L0.50,3000,240
DOE_0126_SUBMM_Y_REV_L0.50_F3000,14224,40000.0,3,7.1115,0.4999999999999449,0,1,245,0.3180539932508436,3000.0,500.0,40018.284017181664,0.0476199999999999,0.0476199999999999,180.0,180.0,11.951940559955764,6.702069862157961,19.495971019640567,92.78599999999938,158.11285525000002,158.11285525000002,192.5,610.1003195888851,SUBMM_Y_REV_L0.50,3000,241
DOE_0127_SUBMM_XY_ZIGZAG_L0.50_F3000,16144,40000.0,3,8.071499999999999,0.4999999999999449,0,1,245,0.2802279484638256,3000.0,3000.0,40018.284017181664,0.0771305839547124,0.0771305827812709,89.99999999999997,90.0000087932818,14.851034644609465,7.137448554716911,15.581545634411208,92.78599999999938,157.3356925,157.30939949999998,192.5,608.5180839217738,SUBMM_XY_ZIGZAG_L0.50,3000,242
DOE_0128_SUBMM_XYZ_JITTER_L0.50_F3000,13283,40000.0,3,6.641,0.4999999999999449,0,1,245,0.3402845742678612,3000.0,500.0,40018.28401718648,0.1320349106474118,0.0454649079045957,19.570817591313084,55.83085787464089,20.657676871548716,10.14314802259554,17.99030804556825,92.78599999999938,156.70562238,156.8130111,192.13443516,614.773650769389,SUBMM_XYZ_JITTER_L0.50,3000,243
DOE_0129_SUBMM_X_REV_L0.80_F3000,17104,40000.0,3,8.551499999999999,0.4999999999999449,0,1,245,0.2644995322731525,3000.0,3000.0,40018.284017181664,0.1221819999999999,0.1221819999999999,180.0,180.0,55.742312617008174,4.723070468161331,15.249902828637822,119.85838,156.89300505000006,156.89300505000006,192.5,607.575773273552,SUBMM_X_REV_L0.80,3000,244
DOE_0130_SUBMM_Y_REV_L0.80_F3000,17104,40000.0,3,8.551499999999999,0.4999999999999449,0,1,245,0.2644995322731525,3000.0,3000.0,40018.284017181664,0.1221819999999999,0.1221819999999999,180.0,180.0,10.914169393885327,28.09477797967087,21.52630415973012,92.78599999999938,156.89300505000006,156.89300505000006,192.5,607.575773273552,SUBMM_Y_REV_L0.80,3000,245
DOE_0131_RANDOMWALK3D_SMOOTH_LSHORT_F500_S01,34734,40000.0,2,17.366500000000002,0.500000000000056,0,1,169,0.1299591178672194,500.0,500.0,39998.39999999495,0.6092733848178108,0.2831310791147857,21.71667036209644,42.7305682181173,7.664047931152601,2.950663239309103,10.546289481821532,92.78599999999938,142.4163901999998,134.2261094399998,189.51304575,590.8284199145936,RANDOMWALK3D_SMOOTH_LSHORT,500,246
DOE_0132_RANDOMWALK3D_SMOOTH_LSHORT_F500_S02,33194,40000.0,2,16.596500000000002,0.500000000000056,0,1,161,0.1351449057058504,500.0,500.0,39999.35999999935,0.5742146170715665,0.2817494238945712,19.983490100086197,40.62824400242191,7.829019068488733,3.0250990325781064,10.837553551047296,92.78599999999938,144.12276599999996,142.18792462999997,190.304731975,586.7752611765986,RANDOMWALK3D_SMOOTH_LSHORT,500,247
DOE_0133_RANDOMWALK3D_SMOOTH_LLONG_F500_S01,54826,40000.0,2,27.4125,0.4999999999997229,0,1,21,0.0820231277131288,500.0,500.0,24982.770000000302,13.219658855220985,9.46081548948185,42.94042128822532,124.33452710480464,6.049493741189381,2.326376052477263,8.411710434140327,92.78599999999938,107.994590375,110.47083887499998,184.084258625,564.2711595406695,RANDOMWALK3D_SMOOTH_LLONG,500,248
DOE_0134_RANDOMWALK3D_SMOOTH_LLONG_F500_S02,54024,40000.0,2,27.0115,0.4999999999997229,0,1,23,0.08414778616911,500.0,500.0,26956.049155791265,11.43174470501212,6.740831485002954,35.52541716529062,141.32613110485983,6.108194867052021,2.3422391099779487,8.393583890226203,92.78599999999938,108.44715146999962,111.71304684999964,183.2137864,567.5129990901978,RANDOMWALK3D_SMOOTH_LLONG,500,249
DOE_0135_RANDOMWALK3D_SMOOTH_LMIXED_F500_S01,53791,40000.0,2,26.895,0.4999999999997229,0,1,40,0.0830064508932721,500.0,500.0,25388.099999999697,3.531886564880541,0.424351825703996,24.544490214096548,63.59994705973337,6.106400764868961,2.353115205225709,8.546734635643901,92.78599999999938,113.45085319999984,119.43939364999984,185.70371465,553.2205754394861,RANDOMWALK3D_SMOOTH_LMIXED,500,250
DOE_0136_RANDOMWALK3D_SMOOTH_LMIXED_F500_S02,55085,40000.0,2,27.542,0.4999999999997229,0,1,44,0.0819460833257692,500.0,500.0,24997.16375275388,5.885766871885837,0.4934083688269104,23.157467994186216,124.0752997978412,6.044689922137566,2.3331103779610376,8.367374969656616,92.78599999999938,115.44015793999957,104.69386243999956,183.30311722,563.0454226296607,RANDOMWALK3D_SMOOTH_LMIXED,500,251
DOE_0137_RANDOMWALK3D_MEDIUM_LSHORT_F500_S01,43872,40000.0,2,21.9355,0.4999999999999449,0,1,240,0.1038247629467541,500.0,500.0,37430.399999999136,0.5363494164718162,0.2376355775081841,48.4628436592834,88.44415304214667,7.192512641181394,2.8219348111887554,9.439803618023424,92.78599999999938,130.43323842500007,128.26906353500007,182.71739428,576.8583505452967,RANDOMWALK3D_MEDIUM_LSHORT,500,252
DOE_0138_RANDOMWALK3D_MEDIUM_LSHORT_F500_S02,40365,40000.0,2,20.182,0.5000000000000004,0,1,202,0.1126223213179734,500.0,500.0,39189.91690830398,0.6055463326638851,0.2567129769353993,54.05714511439318,83.07771483640096,7.366966928856795,2.9142837273030184,9.829185416571192,92.78599999999938,132.00718434000004,133.58616454000006,186.97247384,579.6347901251693,RANDOMWALK3D_MEDIUM_LSHORT,500,253
DOE_0139_RANDOMWALK3D_MEDIUM_LLONG_F500_S01,54269,40000.0,2,27.134,0.4999999999997229,0,1,23,0.0839890176712303,500.0,500.0,26936.351999996463,11.77356489800636,6.286024811241977,79.26699970913938,103.82442628919252,6.097032848602908,2.358310369698489,8.384414979346396,92.78599999999938,113.36468185999998,116.99266959999996,185.5295853,553.6983466424367,RANDOMWALK3D_MEDIUM_LLONG,500,254
DOE_0140_RANDOMWALK3D_MEDIUM_LLONG_F500_S02,53720,40000.0,2,26.8595,0.4999999999997229,0,1,21,0.0849590469099032,500.0,500.0,27656.781602172003,12.32670219363798,8.12272009192922,86.25642508806511,144.42246986179737,6.120867329272635,2.359700202141534,8.410640930841021,92.78599999999938,120.12498304999971,109.86943024999972,186.4973572,555.0224289661821,RANDOMWALK3D_MEDIUM_LLONG,500,255
DOE_0141_RANDOMWALK3D_MEDIUM_LMIXED_F500_S01,52625,40000.0,2,26.312,0.4999999999997229,0,1,40,0.0869358669833729,500.0,500.0,29116.53027206529,3.5219097322282336,0.3882725342020112,62.39837590342055,98.55045997030842,6.227997330065376,2.402227146618013,8.502146360414137,92.78599999999938,107.28568302000023,118.68440996000024,182.82316296,569.0387401273217,RANDOMWALK3D_MEDIUM_LMIXED,500,256
DOE_0142_RANDOMWALK3D_MEDIUM_LMIXED_F500_S02,54794,40000.0,2,27.3965,0.4999999999997229,0,1,42,0.0827097857429645,500.0,500.0,25784.35944279613,6.738921680316223,0.4732188974846756,53.008781134378914,94.27125859557218,6.116567313857093,2.3460236462421107,8.368736500195297,92.78599999999938,106.28435157999996,115.39189510499996,182.963739605,563.3573184054034,RANDOMWALK3D_MEDIUM_LMIXED,500,257
DOE_0143_RANDOMWALK3D_SHARP_LSHORT_F500_S01,45204,40000.0,2,22.6015,0.4999999999999449,0,1,242,0.1004335899477922,500.0,500.0,36166.721463321934,0.452230930903846,0.1566876679451182,89.71296961312704,149.4524075065674,7.686574044901681,3.032299005551093,9.442134240901147,92.78599999999938,129.39416346000013,130.16596270000014,188.41284374,561.629771439042,RANDOMWALK3D_SHARP_LSHORT,500,258
DOE_0144_RANDOMWALK3D_SHARP_LSHORT_F500_S02,49108,40000.0,2,24.5535,0.4999999999999449,0,1,273,0.0924492954304797,500.0,500.0,32252.05940958521,0.445628746978008,0.1534443748775367,89.56993267250922,148.28561679050785,7.385876515821124,2.9024788078856223,9.160370780873034,92.78599999999938,124.19275427000004,125.56286095000004,188.453227665,553.6426544501933,RANDOMWALK3D_SHARP_LSHORT,500,259
DOE_0145_RANDOMWALK3D_SHARP_LLONG_F500_S01,53902,40000.0,2,26.9505,0.4999999999997229,0,1,25,0.0832622166153389,500.0,500.0,25791.284201875587,9.1451405930283,5.891518035852569,125.63317517846224,161.5866980483601,6.157309813467541,2.377959237674373,8.510329322888863,92.78599999999938,114.09396028999976,106.87687937999976,190.102134825,556.9144591206889,RANDOMWALK3D_SHARP_LLONG,500,260
DOE_0146_RANDOMWALK3D_SHARP_LLONG_F500_S02,53859,40000.0,2,26.929,0.4999999999997229,0,1,24,0.0845726805176479,500.0,500.0,27280.43999999972,10.729301169982907,5.8613991155974094,128.99738722315897,163.4914592245321,6.144243965073414,2.36584354408143,8.420903180666514,92.78599999999938,114.2700247099998,113.2156179499998,183.63962412,560.9093740248751,RANDOMWALK3D_SHARP_LLONG,500,261
DOE_0147_RANDOMWALK3D_SHARP_LMIXED_F500_S01,55230,40000.0,2,27.6145,0.4999999999997229,0,1,41,0.0827267789244975,500.0,500.0,26069.327999998648,7.354203399816701,0.1855184306811472,106.60352032959358,164.50756911832474,6.108903975558282,2.414964589278223,8.314170572614005,92.78599999999938,114.6878020499999,117.1888319949999,184.22458293,550.3587659336272,RANDOMWALK3D_SHARP_LMIXED,500,262
DOE_0148_RANDOMWALK3D_SHARP_LMIXED_F500_S02,54387,40000.0,2,27.193,0.4999999999997229,0,1,41,0.0827771342416386,500.0,500.0,25541.73614587768,4.88812900729108,0.3219731246954481,126.98485305531364,172.12997540135302,6.152670554780878,2.440635761919756,8.452282159988759,92.78599999999938,115.21025404999992,115.98941140999992,188.36019908,548.0428017646982,RANDOMWALK3D_SHARP_LMIXED,500,263
DOE_0149_SINGLE_AXIS_LSHORT_F500_S01,57359,40000.0,2,28.679,0.4999999999997229,0,1,103,0.0793946895866385,500.0,500.0,23391.091486135545,0.9170399999999984,0.1080035999999971,180.0,180.0,6.602103882090712,2.269403822584586,8.141886783560928,92.78599999999938,103.8010620799998,115.8343400999998,187.5,547.4448725126011,SINGLE_AXIS_LSHORT,500,264
DOE_0150_SINGLE_AXIS_LSHORT_F500_S02,57043,40000.0,2,28.521,0.4999999999997229,0,1,105,0.0798345108076363,500.0,500.0,23787.34799999998,0.6538380000000001,0.0987483999999987,0.0,180.0,6.490265753236868,2.275367775799739,8.164343125738688,92.78599999999938,104.17120866000022,116.20692780000022,187.5,548.1112170459277,SINGLE_AXIS_LSHORT,500,265
DOE_0151_SINGLE_AXIS_LLONG_F500_S01,56206,40000.0,2,28.102500000000003,0.4999999999997229,0,1,38,0.0810233782870156,500.0,500.0,24717.600000000355,4.033812500000001,0.2159145999999999,0.0,180.0,6.138649636057642,2.291081000533519,8.224570400282277,92.78599999999938,105.15128484999964,117.19380949999965,187.5,549.8824203396671,SINGLE_AXIS_LLONG,500,266
DOE_0152_SINGLE_AXIS_LLONG_F500_S02,57795,40000.0,2,28.897,0.4999999999997229,0,1,40,0.0787957435764339,500.0,500.0,22904.59010643992,3.8633195,0.2928774,0.0,180.0,6.064626150761723,2.259445974095116,8.110758800033112,92.78599999999938,103.29095631999972,115.32026929999972,187.5,546.5269640861826,SINGLE_AXIS_LLONG,500,267
DOE_0153_SINGLE_AXIS_LMIXED_F500_S01,58296,40000.0,2,29.1475,0.4999999999997229,0,1,40,0.0781185673116508,500.0,500.0,22336.400131104245,2.4005814999999986,0.3435456999999988,0.0,180.0,6.037809198267295,2.249672709836219,8.075810464102831,92.78599999999938,102.70425110000036,114.72955025000034,187.5,545.4756146592957,SINGLE_AXIS_LMIXED,500,268
DOE_0154_SINGLE_AXIS_LMIXED_F500_S02,57857,40000.0,2,28.928,0.4999999999997229,0,1,38,0.0787113054600134,500.0,500.0,22857.216000000222,2.988428999999999,0.5284074000000001,0.0,180.0,6.072255493466315,2.2582470708373754,8.106402321411936,92.78599999999938,103.21792762000028,115.24716260000028,187.5,546.3970712523749,SINGLE_AXIS_LMIXED,500,269
DOE_0155_TWO_AXIS_CIRCULAR_LSHORT_F500_S01,57986,40000.0,2,28.9925,0.4999999999997229,0,1,43,0.0785361983927154,500.0,500.0,22724.280000000064,4.934356673449236,4.626126119573003,15.0070698413449,15.018934040405004,5.869180534620678,2.2589850590413345,8.097724706856518,92.78599999999938,105.53306330000018,105.74353457500015,187.5,552.0238587465576,TWO_AXIS_CIRCULAR_LSHORT,500,270
DOE_0156_TWO_AXIS_CIRCULAR_LSHORT_F500_S02,57986,40000.0,2,28.9925,0.4999999999997229,0,1,43,0.0785361983927154,500.0,500.0,22724.280000000064,4.934356673449236,4.626126119573003,15.0070698413449,15.018934040405004,5.869180534620678,2.2589850590413345,8.097724706856518,92.78599999999938,105.53306330000018,105.74353457500015,187.5,552.0238587465576,TWO_AXIS_CIRCULAR_LSHORT,500,271
DOE_0157_TWO_AXIS_CIRCULAR_LLONG_F500_S01,57917,40000.0,2,28.958,0.4999999999997229,0,1,14,0.0786297632819379,500.0,500.0,22763.483266369854,20.724019012261174,20.197464521976315,60.003178296141705,90.0,5.871857929917648,2.2608312935381254,8.102565462998458,92.78599999999938,105.2996908599996,105.3523845199996,187.5,552.8820821079638,TWO_AXIS_CIRCULAR_LLONG,500,272
DOE_0158_TWO_AXIS_CIRCULAR_LLONG_F500_S02,57917,40000.0,2,28.958,0.4999999999997229,0,1,14,0.0786297632819379,500.0,500.0,22763.483266369854,20.724019012261174,20.197464521976315,60.003178296141705,90.0,5.871828576223212,2.258698567268818,8.10206398945586,92.78599999999938,105.2996908599996,105.2471384399996,187.5,552.9772938181129,TWO_AXIS_CIRCULAR_LLONG,500,273
DOE_0159_TWO_AXIS_CIRCULAR_LMIXED_F500_S01,53769,40000.0,2,26.884,0.4999999999997229,0,1,20,0.0846956424705685,500.0,500.0,27375.863999999616,17.550702801570893,5.005564621473152,36.941758106993255,90.0,6.095776730299526,2.3451895233613778,8.409282563528778,92.78599999999938,110.26704121999995,110.39508965999995,187.5,561.6193710793419,TWO_AXIS_CIRCULAR_LMIXED,500,274
DOE_0160_TWO_AXIS_CIRCULAR_LMIXED_F500_S02,53769,40000.0,2,26.884,0.4999999999997229,0,1,20,0.0846956424705685,500.0,500.0,27375.863999999616,17.550702801570893,5.005564621473152,36.941758106993255,90.0,6.095776730299526,2.3451895233613778,8.409282563528778,92.78599999999938,110.26704121999995,110.39508965999995,187.5,561.6193710793419,TWO_AXIS_CIRCULAR_LMIXED,500,275
DOE_0161_THREE_AXIS_HELIX_LSHORT_F500_S01,59404,40000.0,2,29.701500000000003,0.4999999999997229,0,1,40,0.0770150158238502,500.0,500.0,21644.81999999677,5.236881020981539,5.236149939088006,15.001466025249044,17.318233277210947,5.797435429773515,2.2303284600483866,7.992756177403001,92.78599999999938,103.44222020500014,103.42792985000014,182.519093475,557.7045587330235,THREE_AXIS_HELIX_LSHORT,500,276
DOE_0162_THREE_AXIS_HELIX_LSHORT_F500_S02,59404,40000.0,2,29.701500000000003,0.4999999999997229,0,1,40,0.0770150158238502,500.0,500.0,21644.81999999677,5.236881020981539,5.236149939088006,15.001466025249044,17.318233277210947,5.7974461015524055,2.232226079332781,7.993306446832599,92.78599999999938,103.44222020500014,103.44222020500014,182.519093475,557.6919096711442,THREE_AXIS_HELIX_LSHORT,500,277
DOE_0163_THREE_AXIS_HELIX_LLONG_F500_S01,55632,40000.0,2,27.8155,0.4999999999997229,0,1,13,0.0823626689675007,500.0,500.0,25920.584244558308,20.944570999489468,20.777409417915894,60.0001567651387,89.97710402039162,5.992963090861278,2.304100632237525,8.25322574383451,92.78599999999938,107.88738756500028,107.87460690000027,182.504657635,565.6878460337731,THREE_AXIS_HELIX_LLONG,500,278
DOE_0164_THREE_AXIS_HELIX_LLONG_F500_S02,55632,40000.0,2,27.8155,0.4999999999997229,0,1,13,0.0823626689675007,500.0,500.0,25920.584244558308,20.944570999489468,20.777409417915894,60.0001567651387,89.97710402039162,5.992963705829399,2.3048954164339586,8.253810535301023,92.78599999999938,107.88738756500028,107.88720890000027,182.504657635,565.676452389124,THREE_AXIS_HELIX_LLONG,500,279
DOE_0165_THREE_AXIS_HELIX_LMIXED_F500_S01,56889,40000.0,2,28.444000000000003,0.4999999999997229,0,1,20,0.0805076552584858,500.0,500.0,24470.112000000736,17.971845192536144,5.236186498630394,37.49532897762265,89.29790751495383,5.92559059447577,2.2799633562330777,8.164779036010087,92.78599999999938,106.40594440000032,106.40605634000032,182.51832604,562.9832587252572,THREE_AXIS_HELIX_LMIXED,500,280
DOE_0166_THREE_AXIS_HELIX_LMIXED_F500_S02,56889,40000.0,2,28.444000000000003,0.4999999999997229,0,1,20,0.0805076552584858,500.0,500.0,24470.112000000736,17.971845192536144,5.236186498630394,37.49532897762265,89.29790751495383,5.925592857345521,2.2787147693679444,8.164188819209212,92.78599999999938,106.40594440000032,106.39284602000032,182.51832604,562.9951203232168,THREE_AXIS_HELIX_LMIXED,500,281
DOE_0167_ZIGZAG_LSHORT_F500_S01,60345,40000.0,2,30.172,0.4999999999997229,0,1,95,0.0754660700969425,500.0,500.0,20072.862940139104,2.0,2.0,0.0,36.69015628694358,5.7798310801176935,2.2207312665486474,7.937854917370831,92.78599999999938,99.81363179999973,99.81363179999973,187.5,552.4966438493968,ZIGZAG_LSHORT,500,282
DOE_0168_ZIGZAG_LSHORT_F500_S02,60206,40000.0,2,30.102500000000003,0.4999999999997229,0,1,95,0.0756403016310666,500.0,500.0,20208.927958548255,2.0,2.0,0.0,36.69055475290523,5.786499383307025,2.223286360284668,7.947012675231527,92.78599999999938,99.97752449999965,99.97752449999965,187.5,552.7929567579386,ZIGZAG_LSHORT,500,283
DOE_0169_ZIGZAG_LLONG_F500_S01,59925,40000.0,2,29.962,0.4999999999997229,0,1,25,0.0759949937421777,500.0,500.0,20597.759999999194,12.0,2.4427563393198928,6.641153502867845,89.16377818053839,5.800050663323127,2.228490686888561,7.965623454986451,92.78599999999938,100.30884540000024,100.30884540000024,187.5,553.392676030185,ZIGZAG_LLONG,500,284
DOE_0170_ZIGZAG_LLONG_F500_S02,57897,40000.0,2,28.948,0.4999999999997229,0,1,24,0.0786569252292865,500.0,500.0,22855.56000000286,12.0,2.66740191419328,6.643936475169878,89.44221843583487,5.900759524526469,2.267191107691145,8.103934438028238,92.78599999999938,102.6999966000001,102.6999966000001,187.5,557.7484316904174,ZIGZAG_LLONG,500,285
DOE_0171_ZIGZAG_LMIXED_F500_S01,58038,40000.0,2,29.0185,0.4999999999997229,0,1,32,0.0784658327302801,500.0,500.0,22620.387397074457,7.920609535663638,2.0,0.0,91.07325871893082,5.893586953227696,2.2644327940688864,8.094084136943309,92.78599999999938,102.5337519999997,102.5337519999997,187.5,557.4440448991983,ZIGZAG_LMIXED,500,286
DOE_0172_ZIGZAG_LMIXED_F500_S02,58197,40000.0,2,29.098000000000003,0.4999999999997229,0,1,32,0.0782514562606319,500.0,500.0,22460.589015796697,7.920681571413788,2.0,0.0,90.90027213587858,5.8855307623206095,2.261344852862001,8.08301976001118,92.78599999999938,102.34627660000012,102.34627660000012,187.5,557.1010620265141,ZIGZAG_LMIXED,500,287
DOE_0175_JITTER_LLONG_F500_S01,14983,40000.0,2,7.491,0.4999999999999449,0,1,249,0.3037442434759394,500.0,500.0,40018.28401718407,0.017732356258756,0.0067415787789688,15.580536801584485,49.89625028291269,11.677347091147652,4.530166907625046,15.985534479439725,92.78599999999938,157.71049746,157.50182101,187.73741965,616.4689260076477,JITTER_LLONG,500,288
DOE_0179_RANDOMWALK3D_SMOOTH_LSHORT_F1000_S01,19891,40000.0,2,9.945,0.4999999999999449,0,1,179,0.2301543411593183,1000.0,1000.0,40018.284017181664,0.5689637112104347,0.257812989974737,20.19755771864484,38.58460932095152,10.531165793274,4.065033567100024,13.998984646370635,92.78599999999938,155.40318599999992,145.9623187999999,182.6184622,627.9440900928929,RANDOMWALK3D_SMOOTH_LSHORT,1000,289
DOE_0180_RANDOMWALK3D_SMOOTH_LSHORT_F1000_S02,25323,40000.0,2,12.661,0.5000000000000004,0,1,246,0.178730798088694,1000.0,1000.0,40000.80000000253,0.6055502899611371,0.2709190664353723,20.1924149325562,39.31981282409301,9.467460051317756,3.743840374331116,12.467501392165332,92.78599999999938,150.9611445499999,146.73491146999987,187.24911981,609.7601084058879,RANDOMWALK3D_SMOOTH_LSHORT,1000,290
DOE_0181_RANDOMWALK3D_SMOOTH_LLONG_F1000_S01,51645,40000.0,2,25.822000000000003,0.4999999999999449,0,1,44,0.0878303804821376,1000.0,1000.0,29369.640000000963,10.232523366944273,5.853941270465301,27.908119472452537,117.76376847558288,6.415022059034301,2.4424199707873013,8.632698805777503,92.78599999999938,109.14664909999972,111.98328017999972,182.59873812,577.8923286958661,RANDOMWALK3D_SMOOTH_LLONG,1000,291
DOE_0182_RANDOMWALK3D_SMOOTH_LLONG_F1000_S02,51729,40000.0,2,25.864,0.4999999999999449,0,1,38,0.0875910997699549,1000.0,1000.0,29114.49270454049,12.098122286793616,7.073352936412902,37.53095386201364,148.61840023734206,6.339750498597063,2.4902564808471577,8.674947260285512,92.78599999999938,111.40434958000014,110.32877142000017,183.49707434,575.5976496599661,RANDOMWALK3D_SMOOTH_LLONG,1000,292
DOE_0183_RANDOMWALK3D_SMOOTH_LMIXED_F1000_S01,52380,40000.0,2,26.1895,0.4999999999997229,0,1,73,0.0862161130202367,1000.0,1000.0,28052.365679077146,5.317997257645345,0.2999790807384969,25.834788324564396,89.20531994193239,6.404616102087092,2.4677235160062247,8.639628550040733,92.78599999999938,108.3908377699999,118.8425411099999,183.21209291,568.310320875822,RANDOMWALK3D_SMOOTH_LMIXED,1000,293
DOE_0184_RANDOMWALK3D_SMOOTH_LMIXED_F1000_S02,52150,40000.0,2,26.0745,0.4999999999999449,0,1,80,0.0867497603068072,1000.0,1000.0,28531.69199999996,2.9947803700508486,0.3426907941286291,21.670376715268493,108.1141807343228,6.3079290381628255,2.527317929243845,8.652130584426448,92.78599999999938,110.99128158500024,108.09597927000024,183.353487,576.4417010600253,RANDOMWALK3D_SMOOTH_LMIXED,1000,294
DOE_0185_RANDOMWALK3D_MEDIUM_LSHORT_F1000_S01,19696,40000.0,2,9.8475,0.4999999999999449,0,1,179,0.2295389926888708,1000.0,1000.0,40017.60519467343,0.4428821083743486,0.2196601217958943,40.62333607912319,72.79403907140095,11.719660022344009,4.659855440497412,14.41672011378914,92.78599999999938,153.30932577499996,153.33504332499996,188.631756975,614.5664761954715,RANDOMWALK3D_MEDIUM_LSHORT,1000,295
DOE_0186_RANDOMWALK3D_MEDIUM_LSHORT_F1000_S02,22814,40000.0,2,11.4065,0.5000000000000004,0,1,220,0.1988691154554221,1000.0,1000.0,40000.80000000253,0.4557119108155477,0.1987654904735153,48.39731039328225,76.36895132395365,11.258627980927926,4.64380040680012,13.532558729972353,92.78599999999938,149.87977064999993,151.7201273249999,187.468680035,613.1406906149099,RANDOMWALK3D_MEDIUM_LSHORT,1000,296
DOE_0187_RANDOMWALK3D_MEDIUM_LLONG_F1000_S01,51385,40000.0,2,25.692,0.4999999999999449,0,1,41,0.088975381920794,1000.0,1000.0,30443.55000812843,10.343263722531985,6.861051186273775,88.94225854671902,103.34793719441537,6.577194147010015,2.5447038455473048,8.669750982819831,92.78599999999938,111.53645179999955,110.47062657999956,184.68508136,575.0744426970925,RANDOMWALK3D_MEDIUM_LLONG,1000,297
DOE_0188_RANDOMWALK3D_MEDIUM_LLONG_F1000_S02,51595,40000.0,2,25.797,0.4999999999999449,0,1,40,0.0881480763639887,1000.0,1000.0,29652.39312450561,11.434995014642023,6.142238076282864,68.78960440142386,111.8804150599266,6.508625425650044,2.517799134248875,8.651247369793083,92.78599999999938,108.82418325999971,109.76573716999972,183.02147699,579.840187551674,RANDOMWALK3D_MEDIUM_LLONG,1000,298
DOE_0189_RANDOMWALK3D_MEDIUM_LMIXED_F1000_S01,51735,40000.0,2,25.867,0.4999999999999449,0,1,81,0.0864211848845075,1000.0,1000.0,27798.06348983696,4.668039114550313,0.285619554324875,48.79282213642905,91.18666598811252,6.6411955284000745,2.6638635140069,8.835843613823302,92.78599999999938,115.46742063999956,113.97962555999956,187.51018172,562.3555402378689,RANDOMWALK3D_MEDIUM_LMIXED,1000,299
DOE_0190_RANDOMWALK3D_MEDIUM_LMIXED_F1000_S02,51384,40000.0,2,25.6915,0.4999999999999449,0,1,81,0.0871282889615444,1000.0,1000.0,28318.811999509144,4.941466391665504,0.2574668886751026,56.30141350996208,96.73182660632456,6.652329495394528,2.6349332029798957,8.840641746512574,92.78599999999938,111.6918832999998,110.6421601149998,184.491410415,575.0627056720272,RANDOMWALK3D_MEDIUM_LMIXED,1000,300
DOE_0191_RANDOMWALK3D_SHARP_LSHORT_F1000_S01,24811,40000.0,2,12.405,0.5000000000000004,0,1,247,0.1835073153036959,1000.0,1000.0,40000.80000000253,0.2826396214344822,0.1307407314555599,62.79754427361174,119.4764570440995,11.99138297803304,5.03873535850679,13.398373497740184,92.78599999999938,151.5375214550001,151.70873610000012,187.72371225,605.0978145253259,RANDOMWALK3D_SHARP_LSHORT,1000,301
DOE_0192_RANDOMWALK3D_SHARP_LSHORT_F1000_S02,27387,40000.0,2,13.693,0.5000000000000004,0,1,272,0.1649687808084127,1000.0,1000.0,40000.32000000033,0.3084635379849216,0.1306826226026099,61.181479930045136,124.74079651968832,11.91516268102432,5.148469092717951,12.91338172872765,92.78599999999938,148.94689034999996,148.54146238999996,189.94254212,599.1445134013834,RANDOMWALK3D_SHARP_LSHORT,1000,302
DOE_0193_RANDOMWALK3D_SHARP_LLONG_F1000_S01,52440,40000.0,2,26.2195,0.4999999999997229,0,1,41,0.0866132723112128,1000.0,1000.0,28587.65530232033,10.545181719295694,6.648636206286759,132.90564431195477,164.40833246992065,6.706433883704582,2.6084954204835284,8.71419857606442,92.78599999999938,110.54738125000009,115.98851588000008,184.0049624,567.3407643363404,RANDOMWALK3D_SHARP_LLONG,1000,303
DOE_0194_RANDOMWALK3D_SHARP_LLONG_F1000_S02,51770,40000.0,2,25.884500000000003,0.4999999999999449,0,1,42,0.0871160903998454,1000.0,1000.0,28594.4519999994,9.913208178837488,6.060899368007293,121.47171605469804,162.28057132813163,6.850858555743213,2.576971188767037,8.739353562008827,92.78599999999938,114.42657718999972,115.59600222999973,183.397951115,567.9170755874167,RANDOMWALK3D_SHARP_LLONG,1000,304
DOE_0195_RANDOMWALK3D_SHARP_LMIXED_F1000_S01,51283,40000.0,2,25.641,0.4999999999999449,0,1,72,0.0884503636682721,1000.0,1000.0,29767.39200000072,5.304631520809595,0.206655492418045,91.39383186256016,153.98724519388506,7.181291976109605,2.82817315508334,8.801635703243534,92.78599999999938,117.51917406000004,116.58728063000004,183.03125565,566.8465101866528,RANDOMWALK3D_SHARP_LMIXED,1000,305
DOE_0196_RANDOMWALK3D_SHARP_LMIXED_F1000_S02,51790,40000.0,2,25.8945,0.4999999999999449,0,1,74,0.0880671944390809,1000.0,1000.0,29766.384000000584,5.724828946908059,0.1824938693673066,89.20542017488123,152.49638161953453,6.839199482780766,2.964185916258238,8.77571547916993,92.78599999999938,118.40186139650008,115.65626351000006,182.859959365,564.9955539139331,RANDOMWALK3D_SHARP_LMIXED,1000,306
DOE_0197_SINGLE_AXIS_LSHORT_F1000_S01,51680,40000.0,2,25.8395,0.4999999999999449,0,1,123,0.0881191950464396,1000.0,1000.0,29655.046668971445,1.1333609999999998,0.1115348000000015,0.0,180.0,9.1175390913811,2.3987680607336848,8.589765311335693,92.78599999999938,110.8716128449999,122.5302860999999,187.5,559.201565893822,SINGLE_AXIS_LSHORT,1000,307
DOE_0198_SINGLE_AXIS_LSHORT_F1000_S02,53498,40000.0,2,26.7485,0.4999999999997229,0,1,136,0.0851246775580395,1000.0,1000.0,27654.652055785027,0.977692499999999,0.1432510000000002,0.0,180.0,9.29702388133899,2.3593762035624186,8.4430669518358,92.78599999999938,108.75749495999986,120.38673714999986,187.5,555.2564642855494,SINGLE_AXIS_LSHORT,1000,308
DOE_0199_SINGLE_AXIS_LLONG_F1000_S01,52102,40000.0,2,26.0505,0.4999999999999449,0,1,55,0.087405473878162,1000.0,1000.0,29236.07400000001,5.202286000000001,0.4845080000000011,180.0,180.0,7.770102799411853,2.3838783171526816,8.553409009225035,92.78599999999938,110.32025093999977,122.03272094999976,187.5,558.340437680766,SINGLE_AXIS_LLONG,1000,309
DOE_0200_SINGLE_AXIS_LLONG_F1000_S02,52738,40000.0,2,26.3685,0.4999999999997229,0,1,57,0.0863513974743069,1000.0,1000.0,28571.298000000388,5.032503,0.4172042000000001,0.0,180.0,7.422574059043391,2.368559023394813,8.501409338805749,92.78599999999938,109.45463419999967,121.28283014999968,187.5,557.0792408933884,SINGLE_AXIS_LLONG,1000,310
DOE_0201_SINGLE_AXIS_LMIXED_F1000_S01,52926,40000.0,2,26.4625,0.4999999999997229,0,1,55,0.0860446661376261,1000.0,1000.0,28307.40000000136,2.69048,0.2031556000000019,19.66639389105124,180.0,7.496590558067946,2.3648925089520683,8.486448756823489,92.78599999999938,109.14805875,121.06116,187.5,556.7556326272015,SINGLE_AXIS_LMIXED,1000,311
DOE_0202_SINGLE_AXIS_LMIXED_F1000_S02,51862,40000.0,2,25.9305,0.4999999999999449,0,1,64,0.087809957194092,1000.0,1000.0,29501.87399999997,2.487439000000002,0.3754894999999988,0.0,180.0,7.7366964716650415,2.389434276069393,8.573130894741846,92.78599999999938,110.66008131999992,122.31569794999992,187.5,558.8047712584026,SINGLE_AXIS_LMIXED,1000,312
DOE_0203_TWO_AXIS_CIRCULAR_LSHORT_F1000_S01,53685,40000.0,2,26.842,0.4999999999997229,0,1,88,0.0848281642917015,1000.0,1000.0,27508.415999999776,4.521811864761542,3.883962918337122,15.01002893455242,15.019779576311452,6.107593099939201,2.355869950055512,8.424935894603495,92.78599999999938,110.65019071999954,110.43890513999956,187.5,561.5909440800713,TWO_AXIS_CIRCULAR_LSHORT,1000,313
DOE_0204_TWO_AXIS_CIRCULAR_LSHORT_F1000_S02,53685,40000.0,2,26.842,0.4999999999997229,0,1,88,0.0848281642917015,1000.0,1000.0,27508.415999999776,4.521811864761542,3.883962918337122,15.01002893455242,15.019779576311452,6.107593099939201,2.355869950055512,8.424935894603495,92.78599999999938,110.65019071999954,110.43890513999956,187.5,561.5909440800713,TWO_AXIS_CIRCULAR_LSHORT,1000,314
DOE_0205_TWO_AXIS_CIRCULAR_LLONG_F1000_S01,52883,40000.0,2,26.441000000000003,0.4999999999997229,0,1,23,0.0861146304105289,1000.0,1000.0,28318.91382288576,20.394317214344078,19.74930995089627,60.005333328341536,87.00076279654468,6.152240308369352,2.378373414331446,8.488624296332016,92.78599999999938,111.27789807000003,111.22510147000004,187.5,563.7861155557431,TWO_AXIS_CIRCULAR_LLONG,1000,315
DOE_0206_TWO_AXIS_CIRCULAR_LLONG_F1000_S02,52883,40000.0,2,26.441000000000003,0.4999999999997229,0,1,23,0.0861146304105289,1000.0,1000.0,28318.91382288576,20.394317214344078,19.74930995089627,60.005333328341536,87.00076279654468,6.152349973357785,2.3728802024264755,8.490686538537558,92.78599999999938,111.27789807000003,111.33078479000004,187.5,563.6879223634512,TWO_AXIS_CIRCULAR_LLONG,1000,316
DOE_0207_TWO_AXIS_CIRCULAR_LMIXED_F1000_S01,53579,40000.0,2,26.789,0.4999999999997229,0,1,35,0.0849959872338042,1000.0,1000.0,27639.06000000128,18.854838668756727,4.868252338300004,37.531144242696655,60.01801554356426,6.119072919161424,2.35517119779838,8.435166438334946,92.78599999999938,110.53850931000014,110.66424438000011,187.5,561.9481188469903,TWO_AXIS_CIRCULAR_LMIXED,1000,317
DOE_0208_TWO_AXIS_CIRCULAR_LMIXED_F1000_S02,53579,40000.0,2,26.789,0.4999999999997229,0,1,35,0.0849959872338042,1000.0,1000.0,27639.06000000128,18.854838668756727,4.868252338300004,37.531144242696655,60.01801554356426,6.118854864176476,2.3586137686351725,8.433212500048189,92.78599999999938,110.53850931000014,110.48518850000012,187.5,562.1137940699228,TWO_AXIS_CIRCULAR_LMIXED,1000,318
DOE_0209_THREE_AXIS_HELIX_LSHORT_F1000_S01,54692,40000.0,2,27.3455,0.4999999999997229,0,1,76,0.0834857017479704,1000.0,1000.0,26625.599999999897,5.236876142742949,5.236136337304648,15.001680238483583,15.005895539522031,6.047712793246607,2.3327888681893074,8.349586897042185,92.78599999999938,108.9860704499996,108.9860704499996,182.535287785,567.6560310449024,THREE_AXIS_HELIX_LSHORT,1000,319
DOE_0210_THREE_AXIS_HELIX_LSHORT_F1000_S02,54692,40000.0,2,27.3455,0.4999999999997229,0,1,76,0.0834857017479704,1000.0,1000.0,26625.599999999897,5.236876142742949,5.236136337304648,15.001680238483583,15.005895539522031,6.047712793246607,2.3327888681893074,8.349586897042185,92.78599999999938,108.9860704499996,108.9860704499996,182.535287785,567.6560310449024,THREE_AXIS_HELIX_LSHORT,1000,320
DOE_0211_THREE_AXIS_HELIX_LLONG_F1000_S01,52784,40000.0,2,26.3915,0.4999999999997229,0,1,22,0.0867497726583813,1000.0,1000.0,29018.84399999939,20.94455313800617,20.94406151027242,60.00013478064033,89.77124915124855,6.164681100958789,2.374902037368039,8.489402337266869,92.78599999999938,111.2353038499998,111.2350978499998,182.50887595,571.8069908851298,THREE_AXIS_HELIX_LLONG,1000,321
DOE_0212_THREE_AXIS_HELIX_LLONG_F1000_S02,52784,40000.0,2,26.3915,0.4999999999997229,0,1,22,0.0867497726583813,1000.0,1000.0,29018.84399999939,20.94455313800617,20.94406151027242,60.00013478064033,89.77124915124855,6.164679285108051,2.371008091359073,8.491737394834212,92.78599999999938,111.2353038499998,111.2350978499998,182.50887595,571.8069908851298,THREE_AXIS_HELIX_LLONG,1000,322
DOE_0213_THREE_AXIS_HELIX_LMIXED_F1000_S01,54675,40000.0,2,27.337,0.4999999999997229,0,1,34,0.0837128486511202,1000.0,1000.0,26856.11919621916,20.73615784133952,5.236455784988133,37.49561692062246,60.00157226210233,6.048623511698714,2.33302395373214,8.340149943037323,92.78599999999938,109.00611079000024,109.00611079000024,182.53527699,567.6924874235351,THREE_AXIS_HELIX_LMIXED,1000,323
DOE_0214_THREE_AXIS_HELIX_LMIXED_F1000_S02,54675,40000.0,2,27.337,0.4999999999997229,0,1,34,0.0837128486511202,1000.0,1000.0,26856.11919621916,20.73615784133952,5.236455784988133,37.49561692062246,60.00157226210233,6.048623511698714,2.33302395373214,8.340149943037323,92.78599999999938,109.00611079000024,109.00611079000024,182.53527699,567.6924874235351,THREE_AXIS_HELIX_LMIXED,1000,324
DOE_0215_ZIGZAG_LSHORT_F1000_S01,54823,40000.0,2,27.411,0.4999999999997229,0,1,186,0.0830673257574375,1000.0,1000.0,26188.019190102463,2.0,2.0,0.0,14.803776136579764,6.228768461156038,2.400144179169523,8.340653884762514,92.78599999999938,106.32446199999984,106.32446199999984,187.5,564.4412410133718,ZIGZAG_LSHORT,1000,325
DOE_0216_ZIGZAG_LSHORT_F1000_S02,54691,40000.0,2,27.345,0.4999999999997229,0,1,186,0.0832678137170649,1000.0,1000.0,26325.500610760275,2.0,2.0,0.0,14.81265063812257,6.235977070838299,2.403389678444942,8.350795366197719,92.78599999999938,106.48010549999984,106.48010549999984,187.5,564.7310378740739,ZIGZAG_LSHORT,1000,326
DOE_0217_ZIGZAG_LLONG_F1000_S01,53893,40000.0,2,26.946,0.4999999999997229,0,1,44,0.0845007700443471,1000.0,1000.0,27242.44799999971,12.0,1.8410673267943864,14.798879548813035,84.37233778108576,6.282559032627922,2.4208586956222047,8.412360372887576,92.78599999999938,107.4210028000002,107.4210028000002,187.5,566.4870482724749,ZIGZAG_LLONG,1000,327
DOE_0218_ZIGZAG_LLONG_F1000_S02,54841,40000.0,2,27.42,0.4999999999997229,0,1,45,0.0830400612680293,1000.0,1000.0,26179.439999999995,12.0,1.84119834189698,7.401939073236533,83.30073995873246,6.227852699342064,2.399884634912401,8.339312496031981,92.78599999999938,106.30323999999985,106.30323999999985,187.5,564.4017422687323,ZIGZAG_LLONG,1000,328
DOE_0219_ZIGZAG_LMIXED_F1000_S01,54895,40000.0,2,27.447000000000003,0.4999999999997229,0,1,61,0.0829583750796976,1000.0,1000.0,26179.19999999876,7.841120739892856,2.0,0.0,93.06348140587122,6.224758870130184,2.3986200323261486,8.335214521979083,92.78599999999938,106.23957399999972,106.23957399999972,187.5,564.2832677561964,ZIGZAG_LMIXED,1000,329
DOE_0220_ZIGZAG_LMIXED_F1000_S02,55012,40000.0,2,27.5055,0.4999999999997229,0,1,62,0.0827819384861484,1000.0,1000.0,26046.21600000176,7.84119887189496,2.0,0.0,93.90938897804558,6.218049096652887,2.40723218590456,8.326815654301559,92.78599999999938,106.10162434999992,106.10162434999992,187.5,564.0266724700773,ZIGZAG_LMIXED,1000,330
DOE_0222_JITTER_LSHORT_F1000_S02,8409,40000.0,2,4.204000000000001,0.5000000000000004,0,1,228,0.5412058508740635,1000.0,1000.0,40018.96283969229,0.0008931672144346,0.0005027828621804,9.13620053212114,37.725226231932005,15.412361210835904,5.927535040278237,21.306297102299578,92.78599999999938,159.5870033,159.56715142,187.979778,619.3412390730077,JITTER_LSHORT,1000,331
DOE_0228_RANDOMWALK3D_SMOOTH_LSHORT_F3000_S02,11043,40000.0,2,5.521,0.4999999999999449,0,1,230,0.4132029339853301,3000.0,3000.0,40018.96283969229,0.5150547413757615,0.2316627876093127,10.990905746438674,26.4769473040714,18.244358686874985,7.11458199383363,20.469559391003024,92.78599999999938,152.03042211999997,155.53052265999997,185.98749972,631.9877404245366,RANDOMWALK3D_SMOOTH_LSHORT,3000,332
DOE_0229_RANDOMWALK3D_SMOOTH_LLONG_F3000_S01,50488,40000.0,2,25.2435,0.4999999999999449,0,1,117,0.0900411979084138,3000.0,3000.0,30843.582016567525,10.311115531124548,6.013911266200817,25.354538618563165,139.79877506006036,10.19745935716764,4.139330213857525,9.52826641302658,92.78599999999938,111.3177411099997,112.1300846799997,182.83232991,580.4634186198846,RANDOMWALK3D_SMOOTH_LLONG,3000,333
DOE_0230_RANDOMWALK3D_SMOOTH_LLONG_F3000_S02,50458,40000.0,2,25.2285,0.4999999999999449,0,1,117,0.0903325538071267,3000.0,3000.0,31154.71200000013,9.927318906170658,5.96288243522597,37.34860990968711,130.82752349282345,9.713133906596704,4.229963437318586,9.78205511607568,92.78599999999938,111.56142427500004,113.00695676500004,183.8266072,578.0594567080087,RANDOMWALK3D_SMOOTH_LLONG,3000,334
DOE_0231_RANDOMWALK3D_SMOOTH_LMIXED_F3000_S01,47473,40000.0,2,23.736,0.4999999999999449,0,1,195,0.096138857877109,3000.0,3000.0,34510.94431591097,5.1561271050148445,0.3046821739673675,19.46982045022154,88.9748431863651,11.16382984509231,4.190180749815447,10.193331846478095,92.78599999999938,114.33092257999986,115.32826927999986,183.71927728,586.7293882007798,RANDOMWALK3D_SMOOTH_LMIXED,3000,335
DOE_0232_RANDOMWALK3D_SMOOTH_LMIXED_F3000_S02,50276,40000.0,2,25.137500000000003,0.4999999999999449,0,1,221,0.0907391200572838,3000.0,3000.0,31423.799999999603,4.330922817834152,0.3467553260678341,16.369484029825777,69.89416876118513,10.200730367252206,4.415571988530414,9.973856729768794,92.78599999999938,112.444620125,110.32470125,182.86816125,581.9938738226833,RANDOMWALK3D_SMOOTH_LMIXED,3000,336
DOE_0235_RANDOMWALK3D_MEDIUM_LLONG_F3000_S01,50010,40000.0,2,25.0045,0.4999999999999449,0,1,119,0.0910617876424715,3000.0,3000.0,31547.172000000228,9.576817796359675,5.728008936720431,71.15660850194249,105.76500711857898,12.297414066285436,4.9031629752758175,10.753843345109477,92.78599999999938,111.58205961499957,110.26766237999956,186.62078984,578.4818356172124,RANDOMWALK3D_MEDIUM_LLONG,3000,337
DOE_0236_RANDOMWALK3D_MEDIUM_LLONG_F3000_S02,50227,40000.0,2,25.113,0.4999999999999449,0,1,114,0.0894737889979493,3000.0,3000.0,30006.683999999324,10.35207922862461,6.257639685261154,71.38824663726533,98.28335745085252,11.140289814390837,5.110471919574772,10.525262159089865,92.78599999999938,110.79789208999976,110.32929414999975,186.25589705,578.7308726964353,RANDOMWALK3D_MEDIUM_LLONG,3000,338
DOE_0237_RANDOMWALK3D_MEDIUM_LMIXED_F3000_S01,50363,40000.0,2,25.181,0.4999999999999449,0,1,222,0.089172606874094,3000.0,3000.0,29780.39724563716,4.642540472237887,0.2317312887909488,41.38780786370425,93.28253060267288,13.500567793869424,5.711635272217684,11.12239467772408,92.78599999999938,111.41623053999967,111.7829840499997,183.1744694,580.738400905894,RANDOMWALK3D_MEDIUM_LMIXED,3000,339
DOE_0238_RANDOMWALK3D_MEDIUM_LMIXED_F3000_S02,50148,40000.0,2,25.073500000000003,0.4999999999999449,0,1,214,0.0903326154582436,3000.0,3000.0,30864.12300716216,4.689381989965254,0.2188206693388561,38.51590134368226,94.4977548039677,13.07922529146478,6.007716076762615,11.056598441294248,92.78599999999938,110.73746228499986,110.48816883499984,183.2092713,583.5053322264945,RANDOMWALK3D_MEDIUM_LMIXED,3000,340
DOE_0239_RANDOMWALK3D_SHARP_LSHORT_F3000_S01,11047,40000.0,2,5.523000000000001,0.4999999999999449,0,1,232,0.4110618267402914,3000.0,3000.0,40018.79313406644,0.1517053783617001,0.0620653072746137,27.09925887300556,73.25614823459591,23.507411086864035,13.038570032558477,21.61366674287437,92.78599999999938,157.45935771999996,159.06756910999997,188.64985712,619.051010694341,RANDOMWALK3D_SHARP_LSHORT,3000,341
DOE_0241_RANDOMWALK3D_SHARP_LLONG_F3000_S01,50238,40000.0,2,25.1185,0.4999999999999449,0,1,117,0.0899518292925673,3000.0,3000.0,30564.14400000143,9.208056736032372,4.916682285963007,135.56451710590494,171.0952766944224,15.736559036215413,6.907514213585132,11.939774560682627,92.78599999999938,122.30490182499967,113.45063382499968,189.32081349,560.4601148698894,RANDOMWALK3D_SHARP_LLONG,3000,342
DOE_0242_RANDOMWALK3D_SHARP_LLONG_F3000_S02,50105,40000.0,2,25.052,0.4999999999999449,0,1,118,0.088793533579483,3000.0,3000.0,29116.53027206529,8.931617418534575,4.972008667394699,130.7506742650181,166.07080606314688,16.504398698589767,6.606719153589544,12.069423866214384,92.78599999999938,110.84218237999988,113.73925617999988,190.20037652,570.178249085591,RANDOMWALK3D_SHARP_LLONG,3000,343
DOE_0243_RANDOMWALK3D_SHARP_LMIXED_F3000_S01,50433,40000.0,2,25.216,0.4999999999999449,0,1,212,0.0903376757281938,3000.0,3000.0,31127.5704951868,4.024644726170932,0.1510866638151918,71.58248598122628,151.01774827529354,15.77855327250927,7.93695837816038,11.271744677805197,92.78599999999938,112.58272304000003,110.59754240000004,183.10675206,580.5535214036887,RANDOMWALK3D_SHARP_LMIXED,3000,344
DOE_0244_RANDOMWALK3D_SHARP_LMIXED_F3000_S02,46242,40000.0,2,23.1205,0.4999999999999449,0,1,190,0.09822239522512,3000.0,3000.0,35302.74000000028,2.2971163209579992,0.1469456156639109,78.2213839580133,156.23330296605508,16.08512385090725,7.143800044170503,12.52467163898696,92.78599999999938,115.2582942649996,115.0913013599996,183.618123515,591.7872927318105,RANDOMWALK3D_SHARP_LMIXED,3000,345
DOE_0245_SINGLE_AXIS_LSHORT_F3000_S01,37502,40000.0,2,18.7505,0.5000000000000004,0,1,197,0.1214335235454109,3000.0,3000.0,39940.80000000053,0.9618529999999978,0.0760661999999996,0.0,180.0,29.97380278911368,2.9901519504533867,10.204469847583038,121.56300000000186,128.56854240999974,139.23708269999975,187.5,589.9657990183042,SINGLE_AXIS_LSHORT,3000,346
DOE_0246_SINGLE_AXIS_LSHORT_F3000_S02,50321,40000.0,2,25.16,0.4999999999999449,0,1,230,0.0904989964428369,3000.0,3000.0,31228.80000000123,1.2019115,0.1219160999999991,0.0,180.0,27.210425126715144,2.5927932625762664,8.815799723589333,124.34899999999872,113.89184020000036,124.13264400000035,187.5,560.7901096848633,SINGLE_AXIS_LSHORT,3000,347
DOE_0247_SINGLE_AXIS_LLONG_F3000_S01,50667,40000.0,2,25.333,0.4999999999999449,0,1,103,0.0898809876250814,3000.0,3000.0,30830.399999999856,5.706019,0.451596999999999,154.1841168684491,180.0,19.47654465874633,2.489856826676785,8.754317075328588,113.53100000000182,111.6751876999996,123.7246876999996,187.5,561.7781711389547,SINGLE_AXIS_LLONG,3000,348
DOE_0248_SINGLE_AXIS_LLONG_F3000_S02,50797,40000.0,2,25.398,0.4999999999999449,0,1,105,0.089650963639585,3000.0,3000.0,30697.58399999964,6.624025,0.6958680000000002,180.0,180.0,19.652447488723293,2.48516787964312,8.743722433607244,98.85699999999886,113.5504127600001,123.5714064000001,187.5,559.5465014746188,SINGLE_AXIS_LLONG,3000,349
DOE_0249_SINGLE_AXIS_LMIXED_F3000_S01,50859,40000.0,2,25.429,0.4999999999999449,0,1,131,0.0895416740399929,3000.0,3000.0,30577.74663639744,3.95521,0.2588150000000002,0.0,180.0,21.57513021382375,2.5022280499515746,8.745539842787485,114.9029999999982,112.8103244699998,123.4983050999998,187.5,560.0501429000292,SINGLE_AXIS_LMIXED,3000,350
DOE_0250_SINGLE_AXIS_LMIXED_F3000_S02,50962,40000.0,2,25.480500000000003,0.4999999999999449,0,1,130,0.0893607001295082,3000.0,3000.0,30446.861171192544,4.2141855,0.3925870999999998,0.0,180.0,20.143675921508773,2.4891770953365846,8.731828915220754,117.70800000000035,112.53406138499992,123.37686294999992,187.5,559.975066065989,SINGLE_AXIS_LMIXED,3000,351
DOE_0251_TWO_AXIS_CIRCULAR_LSHORT_F3000_S01,36783,40000.0,2,18.391,0.5000000000000004,0,1,289,0.1238071935404942,3000.0,3000.0,39994.77252293367,2.68226726571555,0.7727120155219458,15.033929257277654,15.243424986154023,8.45356238717367,3.3103371139235565,10.2676972461944,92.78599999999938,130.76694246000002,130.55126243000004,187.5,599.4978084285012,TWO_AXIS_CIRCULAR_LSHORT,3000,352
DOE_0252_TWO_AXIS_CIRCULAR_LSHORT_F3000_S02,35480,40000.0,2,17.7395,0.5000000000000004,0,1,247,0.1283540022547914,3000.0,3000.0,39998.39999999495,3.0568300015071395,1.2530057200446432,15.043618554097442,15.278778587127183,8.13654710841735,3.258635409583466,10.450388175391732,92.78599999999938,132.24592279499987,132.03032924999988,187.5,602.5321240330786,TWO_AXIS_CIRCULAR_LSHORT,3000,353
DOE_0253_TWO_AXIS_CIRCULAR_LLONG_F3000_S01,50537,40000.0,2,25.268,0.4999999999999449,0,1,64,0.0901121950254269,3000.0,3000.0,30963.60000000095,18.891246971924645,17.044252585785966,60.01685871221245,60.02080018418116,6.583097132614024,2.567757109924349,8.745062173778457,92.78599999999938,114.23609795999994,114.18271861999992,187.5,568.5968606725091,TWO_AXIS_CIRCULAR_LLONG,3000,354
DOE_0254_TWO_AXIS_CIRCULAR_LLONG_F3000_S02,50537,40000.0,2,25.268,0.4999999999999449,0,1,64,0.0901121950254269,3000.0,3000.0,30963.60000000095,18.891246971924645,17.044252585785966,60.01685871221245,60.02080018418116,6.583097132614024,2.567757109924349,8.745062173778457,92.78599999999938,114.23609795999994,114.18271861999992,187.5,568.5968606725091,TWO_AXIS_CIRCULAR_LLONG,3000,355
DOE_0255_TWO_AXIS_CIRCULAR_LMIXED_F3000_S01,50880,40000.0,2,25.4395,0.4999999999999449,0,1,111,0.089504716981132,3000.0,3000.0,30565.81799800902,13.499723764499208,3.681136717467704,37.06144022521488,60.06690032013083,6.546039427425547,2.6094516382997117,8.718236631335074,92.78599999999938,114.0350146899999,113.9204581499999,187.5,567.5137164783041,TWO_AXIS_CIRCULAR_LMIXED,3000,356
DOE_0256_TWO_AXIS_CIRCULAR_LMIXED_F3000_S02,50880,40000.0,2,25.4395,0.4999999999999449,0,1,111,0.089504716981132,3000.0,3000.0,30565.81799800902,13.499723764499208,3.681136717467704,37.06144022521488,60.06690032013083,6.546039427425547,2.6094516382997117,8.718236631335074,92.78599999999938,114.0350146899999,113.9204581499999,187.5,567.5137164783041,TWO_AXIS_CIRCULAR_LMIXED,3000,357
DOE_0257_THREE_AXIS_HELIX_LSHORT_F3000_S01,42132,40000.0,2,21.0655,0.4999999999999449,0,1,175,0.1078277793601063,3000.0,3000.0,38338.9629126098,5.23654057664112,5.23582966051954,15.001319628332595,15.005064793515926,7.072242245843854,2.824078945082744,9.600123244835531,92.78599999999938,123.79606295000026,123.79606295000026,182.582725555,595.3677383139443,THREE_AXIS_HELIX_LSHORT,3000,358
DOE_0258_THREE_AXIS_HELIX_LSHORT_F3000_S02,51151,40000.0,2,25.575000000000003,0.4999999999999449,0,1,218,0.0886004183691423,3000.0,3000.0,29802.27733992389,5.236540576682505,5.235829660504821,15.001319650554702,15.005064793515926,6.472471425392597,2.537992689105256,8.74765630063279,92.78599999999938,113.1612615,113.1612615,182.599142,575.2191037167873,THREE_AXIS_HELIX_LSHORT,3000,359
DOE_0259_THREE_AXIS_HELIX_LLONG_F3000_S01,50874,40000.0,2,25.4365,0.4999999999999449,0,1,58,0.0898494319298659,3000.0,3000.0,30978.57271535369,20.94423615012904,20.943788710002853,60.00004777922502,60.00017634179899,6.5091286812809255,2.5474051572254486,8.71627905714231,92.78599999999938,113.48792434999964,113.48652634999962,182.52571504,575.9364169744861,THREE_AXIS_HELIX_LLONG,3000,360
DOE_0260_THREE_AXIS_HELIX_LLONG_F3000_S02,50874,40000.0,2,25.4365,0.4999999999999449,0,1,58,0.0898494319298659,3000.0,3000.0,30978.57271535369,20.94423615012904,20.943788710002853,60.00004777922502,60.00017634179899,6.509645941746475,2.525572466618997,8.7378693382866,92.78599999999938,113.48792434999964,113.48652634999962,182.52571504,575.9364169744861,THREE_AXIS_HELIX_LLONG,3000,361
DOE_0261_THREE_AXIS_HELIX_LMIXED_F3000_S01,51098,40000.0,2,25.5485,0.4999999999999449,0,1,92,0.0892989940897882,3000.0,3000.0,30565.896000000128,17.970292988291718,5.2364581290729575,37.49417843578747,60.00157261191668,6.468344521131226,2.559649097193483,8.70274603451954,92.78599999999938,113.22316594999988,113.22331544999986,182.599040845,575.3359352516208,THREE_AXIS_HELIX_LMIXED,3000,362
DOE_0262_THREE_AXIS_HELIX_LMIXED_F3000_S02,51098,40000.0,2,25.5485,0.4999999999999449,0,1,92,0.0892989940897882,3000.0,3000.0,30565.896000000128,17.970292988291718,5.2364581290729575,37.49417843578747,60.00157261191668,6.468344521131226,2.559649097193483,8.70274603451954,92.78599999999938,113.22316594999988,113.22331544999986,182.599040845,575.3359352516208,THREE_AXIS_HELIX_LMIXED,3000,363
DOE_0263_ZIGZAG_LSHORT_F3000_S01,27581,40000.0,2,13.79,0.5000000000000004,0,1,263,0.1651136652043073,3000.0,3000.0,40000.32000000033,2.0,1.9999990000000007,0.0,55.09863529845153,11.177292902181389,4.7406074889897285,11.89516183001282,92.78599999999938,137.24242190000007,137.21442200000007,187.5,625.3773395907258,ZIGZAG_LSHORT,3000,364
DOE_0264_ZIGZAG_LSHORT_F3000_S02,28449,40000.0,2,14.224,0.5000000000000004,0,1,274,0.1600759253400822,3000.0,3000.0,39999.83999999984,2.0,1.9999990000000007,0.0,54.71720172780503,11.169186330723235,4.842105833188092,11.71728346005246,92.78599999999938,136.44676178000003,136.42680620000004,187.5,623.7532691281045,ZIGZAG_LSHORT,3000,365
DOE_0265_ZIGZAG_LLONG_F3000_S01,50961,40000.0,2,25.48,0.4999999999999449,0,1,122,0.0893624536410196,3000.0,3000.0,30446.88662703633,12.0,1.567803617361866,34.7530280539403,67.65382297323708,9.795575546477922,4.217068852500931,8.799180314750009,92.78599999999938,110.87804200000016,110.87804200000016,187.5,572.9988991106619,ZIGZAG_LLONG,3000,366
DOE_0266_ZIGZAG_LLONG_F3000_S02,51276,40000.0,2,25.637500000000003,0.4999999999999449,0,1,124,0.0888134799906388,3000.0,3000.0,30166.199999999888,12.0,1.5671711871708287,0.249731142388155,64.02425659279429,9.583434759498989,4.282579273440371,8.786434549130087,92.78599999999938,110.506635,110.506635,187.5,572.2948409973533,ZIGZAG_LLONG,3000,367
DOE_0267_ZIGZAG_LMIXED_F3000_S01,49802,40000.0,2,24.9005,0.4999999999999449,0,1,159,0.091442110758604,3000.0,3000.0,31761.57599999979,7.520315906813188,1.9980200000000004,0.0,100.79929829740034,9.967624216156263,4.243390724322127,8.902077673503312,92.78599999999938,112.24458584999977,112.24458584999977,187.5,575.5984805062499,ZIGZAG_LMIXED,3000,368
DOE_0268_ZIGZAG_LMIXED_F3000_S02,51221,40000.0,2,25.61,0.4999999999999449,0,1,165,0.0889088459811405,3000.0,3000.0,30177.054679341534,7.524095641645376,1.9980200000000004,0.0,105.844154193807,9.585206090876422,4.300709199167989,8.793215142412857,92.78599999999938,110.57148000000036,110.57148000000036,187.5,572.4176879824067,ZIGZAG_LMIXED,3000,369
DOE_0271_JITTER_LLONG_F3000_S01,6355,40000.0,2,3.177,0.5000000000000004,0,1,227,0.7161290322580646,3000.0,3000.0,40019.981073459465,0.0066118914926749,0.0026287162485581,9.932434239582356,20.182842122593783,17.992349018319906,7.072160054611982,24.85336644117566,92.78599999999938,159.7630349,159.53428571,187.88793482,620.2692858810992,JITTER_LLONG,3000,370
DOE_0273_JITTER_LMIXED_F3000_S01,6130,40000.0,2,3.0645,0.5000000000000004,0,1,202,0.7424143556280587,3000.0,3000.0,40019.981073459465,0.0022235755096876,0.0007992169028032,19.49233595719491,69.91359659798344,18.13711025422789,7.045954913168866,25.25040261994212,92.78599999999938,159.80325445,159.69614510000002,187.929765925,620.0782523950226,JITTER_LMIXED,3000,371
DOE_0277_RANDOMWALK3D_SMOOTH_LLONG_F5000_S01,50094,40000.0,2,25.0465,0.4999999999999449,0,1,192,0.0911686030263105,5000.0,5000.0,31766.528591586823,9.627698405395025,5.445402712769395,34.181987061239894,132.19874362686164,17.87815661355675,8.345906163473167,12.53502553628837,130.52700000000073,111.16969172499996,111.09515885999996,183.350033355,582.5539002091504,RANDOMWALK3D_SMOOTH_LLONG,5000,372
DOE_0278_RANDOMWALK3D_SMOOTH_LLONG_F5000_S02,48212,40000.0,2,24.105500000000003,0.4999999999999449,0,1,187,0.0948933875383721,5000.0,5000.0,34004.74199999964,9.089061357152744,5.777759362152562,31.73808767501721,136.8219923630616,16.356598005757718,8.870922726567391,13.012238198173844,111.93600000000004,113.78027624499992,112.67675116999992,182.92649485,587.6296989951896,RANDOMWALK3D_SMOOTH_LLONG,5000,373
DOE_0279_RANDOMWALK3D_SMOOTH_LMIXED_F5000_S01,34781,40000.0,2,17.39,0.500000000000056,0,1,237,0.1275408987665679,5000.0,5000.0,39994.80000000062,4.473960487331054,0.2871072933858135,13.188441123060915,89.52736608464454,17.768960229541527,8.030085738160903,15.14543120843178,115.39499999999948,128.01605349999966,134.65993749999964,183.0828494,613.6170736616527,RANDOMWALK3D_SMOOTH_LMIXED,5000,374
DOE_0280_RANDOMWALK3D_SMOOTH_LMIXED_F5000_S02,25568,40000.0,2,12.7835,0.5000000000000004,0,1,165,0.1788172715894868,5000.0,5000.0,40000.80000000253,4.987676007790855,0.3187049769196662,14.705968544411204,65.41310070801364,19.818424042929458,7.628209526840955,15.348761896514375,118.61399999999732,138.59931481499984,137.21420369999984,183.675722775,636.27928877408,RANDOMWALK3D_SMOOTH_LMIXED,5000,375
DOE_0282_RANDOMWALK3D_MEDIUM_LSHORT_F5000_S02,8463,40000.0,2,4.231,0.5000000000000004,0,1,221,0.5385796998700224,5000.0,5000.0,40019.98107345705,0.2722176181498187,0.1145758475356257,17.56613345489516,38.63084107950916,31.866534013365897,16.398946639508676,26.670755871305445,143.41500000000008,155.83777088999997,159.23763788,185.50341289,626.9226086569801,RANDOMWALK3D_MEDIUM_LSHORT,5000,376
DOE_0283_RANDOMWALK3D_MEDIUM_LLONG_F5000_S01,49998,40000.0,2,24.9985,0.4999999999999449,0,1,189,0.0905236209448377,5000.0,5000.0,30965.795242006545,9.419087584332832,5.373561852892313,63.53713743085432,104.4468195997515,22.456475197867466,10.368463861972602,15.87051733591682,135.53899999999965,110.90803751499988,115.66843194999988,184.12337765,577.8029332936742,RANDOMWALK3D_MEDIUM_LLONG,5000,377
DOE_0284_RANDOMWALK3D_MEDIUM_LLONG_F5000_S02,44071,40000.0,2,22.035,0.4999999999999449,0,1,166,0.1036282362551337,5000.0,5000.0,37443.59999999958,9.38882759127525,5.622886089881392,65.51671496155079,98.2849879194845,22.849081920936825,9.765165320902192,16.034411727733822,114.44299999999784,118.80211625000034,119.27522010000034,183.59554655,594.2486218152991,RANDOMWALK3D_MEDIUM_LLONG,5000,378
DOE_0285_RANDOMWALK3D_MEDIUM_LMIXED_F5000_S01,31744,40000.0,2,15.8715,0.500000000000056,0,1,211,0.1421685987903226,5000.0,5000.0,39999.59999999874,3.896018301301312,0.291488615419785,31.97550985085093,96.03360494474148,23.635360012414704,10.759890824477283,18.039445157443964,113.40499999999932,134.12182239999996,132.43835713499996,186.64458187,618.0318119966864,RANDOMWALK3D_MEDIUM_LMIXED,5000,379
DOE_0286_RANDOMWALK3D_MEDIUM_LMIXED_F5000_S02,37763,40000.0,2,18.881,0.5000000000000004,0,1,266,0.1211503323358843,5000.0,5000.0,39959.28201813177,3.973628461996371,0.223068310153804,26.91846114361138,95.8426323336449,23.790191736750067,11.395239945960816,17.280563529701723,123.19800000000036,128.4773981299997,127.8111511099997,183.1204251,606.1986018851287,RANDOMWALK3D_MEDIUM_LMIXED,5000,380
DOE_0289_RANDOMWALK3D_SHARP_LLONG_F5000_S01,41764,40000.0,2,20.881500000000003,0.4999999999999449,0,1,157,0.1071736423714203,5000.0,5000.0,37766.03578201882,8.785357157877899,4.910677426357554,112.6491925055924,160.0261160081402,30.96155570861456,13.409778591890696,20.64512195337933,137.12769999999975,127.60738886000028,127.92170734500029,184.94540208,585.9347917423861,RANDOMWALK3D_SHARP_LLONG,5000,381
DOE_0290_RANDOMWALK3D_SHARP_LLONG_F5000_S02,49906,40000.0,2,24.9525,0.4999999999999449,0,1,195,0.0903097823908948,5000.0,5000.0,30578.960031633243,8.305289748384922,4.33600734065167,113.34010355626305,161.81485492812678,31.80315103533307,14.642145364166188,19.89317324773996,149.32599999999852,111.57095499999966,111.17292387499964,184.22725845,581.636710478164,RANDOMWALK3D_SHARP_LLONG,5000,382
DOE_0291_RANDOMWALK3D_SHARP_LMIXED_F5000_S01,27036,40000.0,2,13.5175,0.5000000000000004,0,1,176,0.1672214824678206,5000.0,5000.0,40000.32000000033,3.4361321169063688,0.1727981179458658,34.04144045317376,150.289006911374,27.836235249943307,12.141027183635453,23.31203463438017,135.54655,144.77442460000012,142.08534572500014,183.9579015,619.51374543801,RANDOMWALK3D_SHARP_LMIXED,5000,383
DOE_0292_RANDOMWALK3D_SHARP_LMIXED_F5000_S02,39238,40000.0,2,19.6185,0.5000000000000004,0,1,268,0.1156022223354911,5000.0,5000.0,39522.35954935597,2.76966638826276,0.1966277496814728,40.77071320566044,143.150049341511,28.695401871050443,13.547119764513289,20.6466520367937,129.385108,123.5669274349997,123.4279883349997,186.4781878,603.7706109652719,RANDOMWALK3D_SHARP_LMIXED,5000,384
DOE_0293_SINGLE_AXIS_LSHORT_F5000_S01,27685,40000.0,2,13.842,0.5000000000000004,0,1,209,0.1644934079826621,5000.0,5000.0,40000.32000000033,0.9660350000000016,0.0764352000000002,0.0,180.0,51.58393586542457,3.726863901960465,12.089513094491172,202.909,139.2563406,149.62161959999997,187.5,610.3726297119613,SINGLE_AXIS_LSHORT,5000,385
DOE_0294_SINGLE_AXIS_LSHORT_F5000_S02,20337,40000.0,2,10.168,0.4999999999999449,0,1,156,0.2239268328662044,5000.0,5000.0,40000.80000000253,0.9889670000000016,0.0249395000000003,0.0,180.0,52.74740979196736,4.221867059589075,14.072462938543568,193.72900000000115,144.29312147999997,155.13650719999995,187.5,622.1668931081123,SINGLE_AXIS_LSHORT,5000,386
DOE_0295_SINGLE_AXIS_LLONG_F5000_S01,50326,40000.0,2,25.1625,0.4999999999999449,0,1,140,0.0904900051663156,5000.0,5000.0,31228.80000000101,7.4251845,0.5379657999999986,180.0,180.0,37.22169901921483,2.710791684347591,8.942445902508908,195.94000000000025,113.93583425,124.12674875,187.5,560.7314309584796,SINGLE_AXIS_LLONG,5000,387
DOE_0296_SINGLE_AXIS_LLONG_F5000_S02,50285,40000.0,2,25.142,0.4999999999999449,0,1,135,0.0905637864174207,5000.0,5000.0,31229.375999999756,11.215136000000005,0.5419127999999998,90.0,180.0,35.1208906915763,2.6818443327909884,8.937669813333347,211.8380000000002,112.97080943999956,124.17508979999955,187.5,561.7945417739696,SINGLE_AXIS_LLONG,5000,388
DOE_0297_SINGLE_AXIS_LMIXED_F5000_S01,50407,40000.0,2,25.203,0.4999999999999449,0,1,177,0.0903445949967266,5000.0,5000.0,31096.692000000017,6.32878,0.2108371999999995,0.0,180.0,38.43163782524907,2.7265721754143466,8.943456701926484,169.68150000000003,112.56008268000028,124.03124540000027,187.5,561.7860889762017,SINGLE_AXIS_LMIXED,5000,389
DOE_0298_SINGLE_AXIS_LMIXED_F5000_S02,50432,40000.0,2,25.2155,0.4999999999999449,0,1,181,0.09029980964467,5000.0,5000.0,31096.373999999803,4.546173000000001,0.190024000000001,0.0,180.0,39.82152178749273,2.7704294472003923,8.948181932476603,223.4650000000009,113.84935150500029,124.00176790000027,187.5,560.4642133309939,SINGLE_AXIS_LMIXED,5000,390
DOE_0299_TWO_AXIS_CIRCULAR_LSHORT_F5000_S01,23609,40000.0,2,11.804,0.5000000000000004,0,1,272,0.1928925409801347,5000.0,5000.0,40000.80000000253,2.822002044513509,0.8259554268277721,15.061613209255148,15.39414842514244,14.0117407364558,5.961009408417255,13.042831546901612,92.78599999999938,143.68013353999987,143.46171583999987,187.5,625.6112309553356,TWO_AXIS_CIRCULAR_LSHORT,5000,391
DOE_0300_TWO_AXIS_CIRCULAR_LSHORT_F5000_S02,23073,40000.0,2,11.536,0.5000000000000004,0,1,244,0.1973735535040957,5000.0,5000.0,40000.80000000253,3.089955855566524,1.2984014527108745,15.068472980148316,15.388908379502356,12.717700332309454,5.540053784430851,13.171802832579743,92.78599999999938,144.05369303999993,143.83607765999992,187.5,626.4469735130801,TWO_AXIS_CIRCULAR_LSHORT,5000,392
DOE_0301_TWO_AXIS_CIRCULAR_LLONG_F5000_S01,50319,40000.0,2,25.159,0.4999999999999449,0,1,115,0.0905025934537649,5000.0,5000.0,31228.848000001097,17.02170768892576,13.748897967962886,60.033207929036976,60.05370914234585,8.133248835867303,3.209750477991288,8.95155436814587,92.78599999999938,114.66935994999996,114.71681427999997,187.5,568.6539780281947,TWO_AXIS_CIRCULAR_LLONG,5000,393
DOE_0302_TWO_AXIS_CIRCULAR_LLONG_F5000_S02,50319,40000.0,2,25.159,0.4999999999999449,0,1,115,0.0905025934537649,5000.0,5000.0,31228.848000001097,17.02170768892576,13.748897967962886,60.033207929036976,60.05370914234585,8.133248835867303,3.209750477991288,8.95155436814587,92.78599999999938,114.66935994999996,114.71681427999997,187.5,568.6539780281947,TWO_AXIS_CIRCULAR_LLONG,5000,394
DOE_0303_TWO_AXIS_CIRCULAR_LMIXED_F5000_S01,48922,40000.0,2,24.4605,0.4999999999999449,0,1,240,0.0930869547442868,5000.0,5000.0,32706.79707128822,4.997710972943652,1.8156244080349948,38.13888831741416,60.32532114230328,10.891784788362884,4.348843326168796,9.164222236887598,92.78599999999938,116.5071574700001,116.5870876100001,187.5,571.3687076749795,TWO_AXIS_CIRCULAR_LMIXED,5000,395
DOE_0304_TWO_AXIS_CIRCULAR_LMIXED_F5000_S02,46952,40000.0,2,23.4755,0.4999999999999449,0,1,213,0.0969926733685466,5000.0,5000.0,34847.12399999982,5.983914020536696,2.2260301108076237,38.11033221579666,60.22728958200385,9.667242452446876,4.039294223423654,9.262833761286256,92.78599999999938,118.80651653999976,118.70777262999977,187.5,575.9957017787472,TWO_AXIS_CIRCULAR_LMIXED,5000,396
DOE_0305_THREE_AXIS_HELIX_LSHORT_F5000_S01,31916,40000.0,2,15.9575,0.500000000000056,0,1,213,0.1420604085725028,5000.0,5000.0,39999.59999999874,5.235417299223011,5.234707490797757,14.997960642337922,15.004278284854555,9.103116230375578,3.6549570636284,11.187567160023374,92.78599999999938,135.50406324999986,135.50406324999986,182.607030775,618.4094658897207,THREE_AXIS_HELIX_LSHORT,5000,397
DOE_0306_THREE_AXIS_HELIX_LSHORT_F5000_S02,28017,40000.0,2,14.008,0.5000000000000004,0,1,182,0.1620801656137345,5000.0,5000.0,40000.32000000033,5.235417295323044,5.234707490811581,14.997960642340528,15.004278284854555,9.52493080422475,3.8674305070617008,12.01158367271965,92.78599999999938,139.3359731,139.3359731,182.59528854,626.1742132520318,THREE_AXIS_HELIX_LSHORT,5000,398
DOE_0307_THREE_AXIS_HELIX_LLONG_F5000_S01,50503,40000.0,2,25.251,0.4999999999999449,0,1,94,0.0903312674494584,5000.0,5000.0,31219.295999999787,20.943093752378125,20.94268621008449,59.99996671629884,60.000177183480815,7.517869925963983,3.0398908456896905,8.881875126014632,92.78599999999938,113.92973189999952,113.92373889999952,182.5425466,576.7189330956451,THREE_AXIS_HELIX_LLONG,5000,399
DOE_0308_THREE_AXIS_HELIX_LLONG_F5000_S02,50503,40000.0,2,25.251,0.4999999999999449,0,1,94,0.0903312674494584,5000.0,5000.0,31219.295999999787,20.943093752378125,20.94268621008449,59.99996671629884,60.000177183480815,7.5236104158145904,2.979416645990184,8.942026338793683,92.78599999999938,113.92973189999952,113.92373889999952,182.5425466,576.7189330956451,THREE_AXIS_HELIX_LLONG,5000,400
DOE_0309_THREE_AXIS_HELIX_LMIXED_F5000_S01,50508,40000.0,2,25.253500000000003,0.4999999999999449,0,1,148,0.0900649402074918,5000.0,5000.0,30870.87599999994,19.900283629713407,5.235211362120238,37.50185005892779,60.00073498272437,7.544550069611486,2.9921154545772746,8.953670249278721,92.78599999999938,113.92104965000004,113.92104965000004,182.631217635,576.5738654468673,THREE_AXIS_HELIX_LMIXED,5000,401
DOE_0310_THREE_AXIS_HELIX_LMIXED_F5000_S02,50508,40000.0,2,25.253500000000003,0.4999999999999449,0,1,148,0.0900649402074918,5000.0,5000.0,30870.87599999994,19.900283629713407,5.235211362120238,37.50185005892779,60.00073498272437,7.544550069611486,2.9921154545772746,8.953670249278721,92.78599999999938,113.92104965000004,113.92104965000004,182.631217635,576.5738654468673,THREE_AXIS_HELIX_LMIXED,5000,402
DOE_0311_ZIGZAG_LSHORT_F5000_S01,14947,40000.0,2,7.473,0.4999999999999449,0,1,191,0.3046765237171339,5000.0,5000.0,40018.284017181664,2.0,1.995980807733462,0.0,35.44522924608435,19.1908149925375,8.350795894930412,16.461305296558333,101.89699999999746,145.45163779999993,145.33714779999994,187.5,642.3293458939422,ZIGZAG_LSHORT,5000,403
DOE_0312_ZIGZAG_LSHORT_F5000_S02,16567,40000.0,2,8.283,0.4999999999999449,0,1,225,0.2748838051548258,5000.0,5000.0,40018.284017181664,2.0,1.9959802109983336,0.0,32.03397497354538,19.224157206601998,8.048952594373315,15.64107486687458,101.89699999999746,144.7528256,144.6450706,187.5,640.8700378695605,ZIGZAG_LSHORT,5000,404
DOE_0313_ZIGZAG_LLONG_F5000_S01,44666,40000.0,2,22.3325,0.4999999999999449,0,1,180,0.101956745623069,5000.0,5000.0,36823.20000000004,12.0,1.6177329584566973,29.37785515997558,70.22605046843546,16.744889496508623,8.896349890491496,9.906216648242037,102.59999999999891,118.30030174999985,116.34330174999984,187.5,589.205940884277,ZIGZAG_LLONG,5000,405
DOE_0314_ZIGZAG_LLONG_F5000_S02,44022,40000.0,2,22.0105,0.4999999999999449,0,1,176,0.1034482758620689,5000.0,5000.0,37280.06563356129,12.0,1.6191328205408415,5.1477623866650655,69.95697645199526,16.56553991442013,8.744965508705436,9.9498737743098,105.81399999999874,119.0596199500001,117.0066199500001,187.5,590.790391962468,ZIGZAG_LLONG,5000,406
DOE_0315_ZIGZAG_LMIXED_F5000_S01,36433,40000.0,2,18.216,0.5000000000000004,0,1,189,0.1249965690445475,5000.0,5000.0,39998.39999999495,7.193875673252253,1.99485,0.0,121.69935194958506,16.96337409151538,8.636782074532105,10.836573856663811,101.89699999999746,127.97823280000004,127.97823280000004,187.5,606.5012099616026,ZIGZAG_LMIXED,5000,407
DOE_0316_ZIGZAG_LMIXED_F5000_S02,50336,40000.0,2,25.1675,0.4999999999999449,0,1,271,0.0904720279720279,5000.0,5000.0,31228.800000000592,7.206935244291483,1.99485,0.0,106.47975092510372,16.82634825323696,8.468386312065434,9.25213894568034,132.61199999999818,111.61495825000016,109.11545825000016,187.5,576.7936522252662,ZIGZAG_LMIXED,5000,408
DOE_0325_RANDOMWALK3D_SMOOTH_LLONG_F7500_S01,46613,40000.0,2,23.306,0.4999999999999449,0,1,272,0.0979125994894128,7500.0,7500.0,35317.234489103175,8.911842658916438,5.38821675694861,26.87677362143527,120.9945118946197,32.2035806304515,13.558403790272976,20.399908178455743,190.531,115.50825055999968,115.86750769999968,183.2557368,589.6494813163489,RANDOMWALK3D_SMOOTH_LLONG,7500,409
DOE_0326_RANDOMWALK3D_SMOOTH_LLONG_F7500_S02,36115,40000.0,2,18.057,0.5000000000000004,0,1,197,0.1257649176242558,7500.0,7500.0,39998.39999999495,9.307855273443092,5.348378455818462,29.090141089139337,124.44037242804092,30.858181213267542,13.855718541749985,20.74205254001278,190.58199999999917,129.25774669000003,128.24835276000005,183.85888084,611.5437711094169,RANDOMWALK3D_SMOOTH_LLONG,7500,410
DOE_0327_RANDOMWALK3D_SMOOTH_LMIXED_F7500_S01,28530,40000.0,2,14.2645,0.5000000000000004,0,1,278,0.157273045916579,7500.0,7500.0,39999.59999999874,2.888198854612716,0.3067747899661165,13.826606066550644,75.20739868188674,30.29394366981401,13.835631656633996,21.98945376678305,190.40299999999988,139.9885997449999,135.2803404299999,183.83686316,626.0410707637454,RANDOMWALK3D_SMOOTH_LMIXED,7500,411
DOE_0328_RANDOMWALK3D_SMOOTH_LMIXED_F7500_S02,19551,40000.0,2,9.775,0.4999999999999449,0,1,187,0.2293488824101069,7500.0,7500.0,40016.586960911096,3.5201655205672715,0.3110961138288062,14.757080648620112,63.55033387244856,28.33526002626148,14.797637997480178,22.6310114519798,153.88599999999997,142.33918075,142.67728799999998,184.68361475,642.7336593004792,RANDOMWALK3D_SMOOTH_LMIXED,7500,412
DOE_0329_RANDOMWALK3D_MEDIUM_LSHORT_F7500_S01,6526,40000.0,2,3.2625,0.5000000000000004,0,1,158,0.6975176218204107,7500.0,7500.0,40019.981073459465,0.1945611533369721,0.0856175732550038,13.87209481284484,29.97981293058311,35.919338195320826,17.156261738721476,30.91862504648844,172.47895000000003,159.20727225,158.530662,186.814584875,623.2867260334912,RANDOMWALK3D_MEDIUM_LSHORT,7500,413
DOE_0331_RANDOMWALK3D_MEDIUM_LLONG_F7500_S01,38137,40000.0,2,19.068,0.5000000000000004,0,1,214,0.1194902588037863,7500.0,7500.0,39862.31999999916,8.615073955225284,5.220473150764886,58.31979190707845,90.85630461153916,38.79984283971753,17.670215077170916,27.199822934515343,190.87400000000088,127.53326085999991,124.38336517999991,183.5630233,608.1782329840609,RANDOMWALK3D_MEDIUM_LLONG,7500,414
DOE_0332_RANDOMWALK3D_MEDIUM_LLONG_F7500_S02,28834,40000.0,2,14.4165,0.5000000000000004,0,1,155,0.1581466324478046,7500.0,7500.0,40000.32000000033,9.10488604868613,4.8737956448542805,63.43729628316186,101.63794859586638,43.01699842063024,17.362954821570792,25.90465285632924,199.20300000000069,136.12498829999984,135.24039293499985,183.16205425,629.7728496781374,RANDOMWALK3D_MEDIUM_LLONG,7500,415
DOE_0333_RANDOMWALK3D_MEDIUM_LMIXED_F7500_S01,23379,40000.0,2,11.689,0.5000000000000004,0,1,217,0.1947901963300397,7500.0,7500.0,40000.80000000253,2.935435236730941,0.3055945568045356,24.599560245554947,90.48620359324784,41.25451550644205,19.184011224680454,28.996233717029536,194.1684000000006,140.8246330100001,140.5735309400001,183.81077084,637.2820404682161,RANDOMWALK3D_MEDIUM_LMIXED,7500,416
DOE_0334_RANDOMWALK3D_MEDIUM_LMIXED_F7500_S02,25332,40000.0,2,12.6655,0.5000000000000004,0,1,246,0.1799699984209695,7500.0,7500.0,40000.79999999912,3.178982672495559,0.2420153888239652,26.129804217057615,89.50613371075107,42.40362360795083,18.15348839610179,27.68089145126681,192.8239999999999,138.59809270499989,141.11185073999988,183.351695885,633.4859610367117,RANDOMWALK3D_MEDIUM_LMIXED,7500,417
DOE_0337_RANDOMWALK3D_SHARP_LLONG_F7500_S01,30251,40000.0,2,15.125,0.500000000000056,0,1,165,0.1495487752470992,7500.0,7500.0,39999.59999999874,7.9438293618872065,3.290587882292046,93.10458968370877,151.5983267330326,63.43505582940316,25.89568722447003,34.70435202249134,240.3217,133.31314049999995,141.31550249999998,183.21408,620.8923780066566,RANDOMWALK3D_SHARP_LLONG,7500,418
DOE_0338_RANDOMWALK3D_SHARP_LLONG_F7500_S02,49231,40000.0,2,24.615,0.4999999999999449,0,1,276,0.0915480083687107,7500.0,7500.0,31375.26126219741,8.107685087965354,3.897091279092341,101.66483357792386,153.98767345727563,57.98259695530218,25.83627098933523,36.7361091702842,249.90149999999977,115.70232394999964,111.50510404999964,183.4747734,581.5743900618487,RANDOMWALK3D_SHARP_LLONG,7500,419
DOE_0339_RANDOMWALK3D_SHARP_LMIXED_F7500_S01,25369,40000.0,2,12.684,0.5000000000000004,0,1,248,0.1790374078599866,7500.0,7500.0,40000.80000000253,2.7232500404963997,0.2399898650547534,32.37784494788278,134.0980861074372,54.15945076632532,23.503730990301516,35.23733657723927,238.08399999999972,137.593708,137.28680939999998,183.11885382,638.6682326071024,RANDOMWALK3D_SHARP_LMIXED,7500,420
DOE_0340_RANDOMWALK3D_SHARP_LMIXED_F7500_S02,19887,40000.0,2,9.943,0.4999999999999449,0,1,189,0.2293960878966159,7500.0,7500.0,40018.284017181664,2.796009385726359,0.2255315057321517,45.37828000841469,139.33954848138862,56.225651218688704,25.325306361808963,34.38849051759234,229.55499999999773,155.38570484999997,144.50606027999996,184.27990983,627.2146665843303,RANDOMWALK3D_SHARP_LMIXED,7500,421
DOE_0341_SINGLE_AXIS_LSHORT_F7500_S01,29611,40000.0,2,14.805,0.500000000000056,0,1,280,0.1537941981020566,7500.0,7500.0,39999.59999999874,1.2799190000000005,0.0462654000000021,0.0,180.0,84.97007848839931,4.411789935234286,12.15973114398167,299.5470000000005,138.17198510000014,147.82626950000014,187.5,605.9999366697575,SINGLE_AXIS_LSHORT,7500,422
DOE_0342_SINGLE_AXIS_LSHORT_F7500_S02,36849,40000.0,2,18.424,0.5000000000000004,0,1,292,0.1235854432956118,7500.0,7500.0,39991.919999999365,1.5486035000000031,0.0766041000000012,0.0,180.0,84.89082464403424,4.146024329177767,10.966870505476962,301.46399999999926,130.05263617999964,139.99686219999964,187.5,590.7205815356136,SINGLE_AXIS_LSHORT,7500,423
DOE_0343_SINGLE_AXIS_LLONG_F7500_S01,47728,40000.0,2,23.8635,0.4999999999999449,0,1,204,0.0954156889037881,7500.0,7500.0,34015.64323798194,7.964192,0.6922429999999997,180.0,180.0,71.75489447350608,3.3774956664859794,9.546743077156998,293.67500000000035,117.97877631000038,127.18997700000038,187.5,565.46908500635,SINGLE_AXIS_LLONG,7500,424
DOE_0344_SINGLE_AXIS_LLONG_F7500_S02,50113,40000.0,2,25.056,0.4999999999999449,0,1,199,0.0908746233512262,7500.0,7500.0,31423.82590277153,8.802871,0.5988188000000012,180.0,180.0,66.53351060676334,3.230146007223814,9.29312052149908,286.46499999999975,113.17117763999968,124.37789519999968,187.5,562.1718528409659,SINGLE_AXIS_LLONG,7500,425
DOE_0345_SINGLE_AXIS_LMIXED_F7500_S01,46744,40000.0,2,23.3715,0.4999999999999449,0,1,216,0.0974242683552969,7500.0,7500.0,35060.02770745714,4.5014345,0.1038350000000001,108.04937724763376,180.0,68.94522949302954,3.436489156537601,9.665745823255744,290.0732999999996,117.86399269499996,128.35018084999996,187.5,568.8780406474492,SINGLE_AXIS_LMIXED,7500,426
DOE_0346_SINGLE_AXIS_LMIXED_F7500_S02,50141,40000.0,2,25.07,0.4999999999999449,0,1,248,0.0908238766677968,7500.0,7500.0,31373.47935310789,4.387096999999999,0.2570308000000015,0.0,180.0,69.6449023474123,3.4437780310719166,9.358314439025165,293.9469999999993,113.23435739999982,124.34487899999982,187.5,562.0180227901274,SINGLE_AXIS_LMIXED,7500,427
DOE_0347_TWO_AXIS_CIRCULAR_LSHORT_F7500_S01,16517,40000.0,2,8.258,0.4999999999999449,0,1,221,0.2757159290428044,7500.0,7500.0,40018.284017181664,3.291921542219964,1.6378210754397935,15.09474935257654,15.336531738781751,20.31479848953201,8.414830275823402,16.200629111731665,92.78599999999938,147.94746518,148.16762358,187.5,633.8874074706517,TWO_AXIS_CIRCULAR_LSHORT,7500,428
DOE_0348_TWO_AXIS_CIRCULAR_LSHORT_F7500_S02,15328,40000.0,2,7.6635,0.4999999999999449,0,1,177,0.2971033402922756,7500.0,7500.0,40018.284017181664,3.6805651051118713,2.4029384629798494,15.075616116927222,15.186366993052616,18.55943478064456,7.381684375191788,16.72536475254111,92.78599999999938,148.415266285,148.634350585,187.5,635.0719107497308,TWO_AXIS_CIRCULAR_LSHORT,7500,429
DOE_0349_TWO_AXIS_CIRCULAR_LLONG_F7500_S01,50053,40000.0,2,25.026,0.4999999999999449,0,1,216,0.0909835574291251,7500.0,7500.0,31495.12800000019,13.379359019866746,7.043302698126288,60.0783936775854,60.27552382288861,19.65817289273714,7.987558301965233,9.557276024553206,113.33949999999948,115.13167039999952,115.07641565999953,187.5,569.0606695323671,TWO_AXIS_CIRCULAR_LLONG,7500,430
DOE_0350_TWO_AXIS_CIRCULAR_LLONG_F7500_S02,50053,40000.0,2,25.026,0.4999999999999449,0,1,216,0.0909835574291251,7500.0,7500.0,31495.12800000019,13.379359019866746,7.043302698126288,60.0783936775854,60.27552382288861,19.65817289273714,7.987558301965233,9.557276024553206,113.33949999999948,115.13167039999952,115.07641565999953,187.5,569.0606695323671,TWO_AXIS_CIRCULAR_LLONG,7500,431
DOE_0351_TWO_AXIS_CIRCULAR_LMIXED_F7500_S01,30666,40000.0,2,15.3325,0.500000000000056,0,1,182,0.1485032283310506,7500.0,7500.0,39999.59999999874,8.221293543479817,2.6603866506420264,38.08358498525161,60.38550004518416,17.295563273122024,6.893121797241933,11.827463228397214,109.06899999999986,137.47466794999983,137.37620919999986,187.5,612.9081796265989,TWO_AXIS_CIRCULAR_LMIXED,7500,432
DOE_0352_TWO_AXIS_CIRCULAR_LMIXED_F7500_S02,34181,40000.0,2,17.09,0.500000000000056,0,1,241,0.1332319124659898,7500.0,7500.0,39999.35999999935,4.97356746702346,1.7749893400039056,38.07104834240669,60.547485527741216,23.32241026779535,9.339053674341836,11.656569204248528,151.96640000000005,133.79494459999967,133.87711999999968,187.5,605.0030311240032,TWO_AXIS_CIRCULAR_LMIXED,7500,433
DOE_0353_THREE_AXIS_HELIX_LSHORT_F7500_S01,18382,40000.0,2,9.1905,0.4999999999999449,0,1,160,0.2473071482972473,7500.0,7500.0,40018.284017181664,5.231986979088621,5.231287767699523,14.997536366952032,15.003855742270632,14.112877221200176,6.366726892784987,15.347026749872883,92.78599999999938,146.27123214999992,146.27123214999992,182.5999088,640.3861715223065,THREE_AXIS_HELIX_LSHORT,7500,434
DOE_0354_THREE_AXIS_HELIX_LSHORT_F7500_S02,18550,40000.0,2,9.2745,0.4999999999999449,0,1,162,0.2450673854447439,7500.0,7500.0,40018.284017181664,5.231986979088621,5.231287767702768,14.997536434158372,15.003855737790984,14.041006882723256,6.449897361355503,15.044773974231685,92.78599999999938,146.17953614999993,146.17953614999993,182.6007152,640.203333970121,THREE_AXIS_HELIX_LSHORT,7500,435
DOE_0355_THREE_AXIS_HELIX_LLONG_F7500_S01,50056,40000.0,2,25.0275,0.4999999999999449,0,1,138,0.0909381492728144,7500.0,7500.0,31494.2700000001,20.93968987095,20.93933022747988,59.99986122934805,60.00017276685082,11.012870678395371,4.579739088818876,9.232570144272696,92.78599999999938,114.46500224999966,114.45076524999963,182.563161,577.6603735072003,THREE_AXIS_HELIX_LLONG,7500,436
DOE_0356_THREE_AXIS_HELIX_LLONG_F7500_S02,50056,40000.0,2,25.0275,0.4999999999999449,0,1,138,0.0909381492728144,7500.0,7500.0,31494.2700000001,20.93968987095,20.93933022747988,59.99986122934805,60.00017276685082,11.012870678395371,4.579739088818876,9.232570144272696,92.78599999999938,114.46500224999966,114.45076524999963,182.563161,577.6603735072003,THREE_AXIS_HELIX_LLONG,7500,437
DOE_0357_THREE_AXIS_HELIX_LMIXED_F7500_S01,50036,40000.0,2,25.0175,0.4999999999999449,0,1,219,0.0905747861539691,7500.0,7500.0,31026.479999999592,17.827842327126497,5.227869899006251,37.47111877618119,60.02675857101927,11.26052850299959,4.733111162665295,9.278113234428766,92.78599999999938,114.48412825000015,114.48424625000015,182.651827,577.5657300335962,THREE_AXIS_HELIX_LMIXED,7500,438
DOE_0358_THREE_AXIS_HELIX_LMIXED_F7500_S02,40639,40000.0,2,20.319000000000003,0.4999999999999449,0,1,173,0.1117891680405521,7500.0,7500.0,39076.18800000085,20.93917170439078,5.22786989889942,37.603183517516754,60.02675857101927,11.313407333497192,5.0632994922781975,10.248812946738733,92.78599999999938,125.5484111000003,125.5639291000003,182.64075984,598.6959235896746,THREE_AXIS_HELIX_LMIXED,7500,439
DOE_0359_ZIGZAG_LSHORT_F7500_S01,15152,40000.0,2,7.5755,0.4999999999999449,0,1,296,0.3005543822597676,7500.0,7500.0,40018.284017181664,2.0,1.665855160795005,0.0,33.22291080911966,31.56971953072181,12.891921430707876,17.022159081832104,168.6339999999973,145.37827455,145.25524405,187.5,642.1466132090019,ZIGZAG_LSHORT,7500,440
DOE_0361_ZIGZAG_LLONG_F7500_S01,35164,40000.0,2,17.581500000000002,0.5000000000000004,0,1,204,0.1295074508019565,7500.0,7500.0,39998.39999999495,12.0,1.1448229939136692,14.36107448676048,100.72947900589,35.94818714389394,12.0535288228101,11.54189120628381,177.1819999999984,129.4306858000003,129.4306858000003,187.5,609.4388351042845,ZIGZAG_LLONG,7500,441
DOE_0362_ZIGZAG_LLONG_F7500_S02,37856,40000.0,2,18.9275,0.5000000000000004,0,1,223,0.1202979712595097,7500.0,7500.0,39897.83999999986,12.0,1.1360686162615123,14.429685693860089,101.98616824235012,36.130058014377234,12.112512898697672,11.193847662398731,176.9340000000028,126.32339174999969,126.32339174999969,187.5,603.1709136934497,ZIGZAG_LLONG,7500,442
DOE_0363_ZIGZAG_LMIXED_F7500_S01,28869,40000.0,2,14.434,0.5000000000000004,0,1,220,0.1577470643250545,7500.0,7500.0,39999.59999999874,6.068969864913855,1.9932669999999997,0.0,131.81409191392174,35.8502709810336,11.799613887084734,12.565100385468826,171.7739999999992,136.03511979999996,136.03511979999996,187.5,622.9634647970961,ZIGZAG_LMIXED,7500,443
DOE_0364_ZIGZAG_LMIXED_F7500_S02,31474,40000.0,2,15.7365,0.500000000000056,0,1,232,0.1446908559445892,7500.0,7500.0,39999.59999999874,6.564355603491132,1.9932669999999997,0.0,119.05609893242384,32.121490300654,13.424297608365311,12.365905634003925,151.84400000000053,133.45385845000004,133.45385845000004,187.5,617.6455310787419,ZIGZAG_LMIXED,7500,444
DOE_0371_RANDOMWALK3D_SMOOTH_LSHORT_F10000_S01,6239,40000.0,2,3.119,0.5000000000000004,0,1,189,0.7177432280814233,10000.0,10000.0,40019.98107345705,0.4135892409606435,0.1529292991175973,6.970897315059821,12.800531993388637,43.61657906053629,19.89468129545961,37.1673489831368,218.5470999999999,159.82753150000002,147.88724142,190.89451877,628.5670262944187,RANDOMWALK3D_SMOOTH_LSHORT,10000,445
DOE_0373_RANDOMWALK3D_SMOOTH_LLONG_F10000_S01,27112,40000.0,2,13.5555,0.5000000000000004,0,1,188,0.1680805547359103,10000.0,10000.0,40000.80000000253,9.042385069149802,5.2650291958458055,31.904109097975255,105.52330024915366,46.54782289618655,19.94672331594553,28.48270793485979,259.17800000000216,137.56252654999994,139.63698415999994,183.481928485,629.7534405286979,RANDOMWALK3D_SMOOTH_LLONG,10000,446
DOE_0374_RANDOMWALK3D_SMOOTH_LLONG_F10000_S02,34348,40000.0,2,17.1735,0.500000000000056,0,1,249,0.1310119948759753,10000.0,10000.0,39998.39999999495,9.168240604366527,5.578687463910007,28.111433617471214,105.05410034785768,49.77805390997236,21.258043492809165,26.479372090844663,273.71000000000123,129.51885170999986,130.54217146999986,183.378988345,617.7059455283753,RANDOMWALK3D_SMOOTH_LLONG,10000,447
DOE_0375_RANDOMWALK3D_SMOOTH_LMIXED_F10000_S01,18905,40000.0,2,9.452,0.4999999999999449,0,1,229,0.2412060301507537,10000.0,10000.0,40018.284017181664,2.686470671160941,0.2917965866128151,11.048275794331444,74.14997934476301,54.53778166839383,19.47472227115308,29.904208541313945,256.1209999999967,142.10354139999995,143.64728767999998,183.65873052,644.8680428661472,RANDOMWALK3D_SMOOTH_LMIXED,10000,448
DOE_0376_RANDOMWALK3D_SMOOTH_LMIXED_F10000_S02,20089,40000.0,2,10.044,0.4999999999999449,0,1,259,0.2245507491662103,10000.0,10000.0,40016.586960911096,2.6293484198093493,0.2559707544992031,12.75026740825516,66.4256478555984,52.08586939599846,19.291811822598746,29.16003529252266,266.2720000000008,141.65336853999997,141.73949519999994,183.28873338,644.9849015615285,RANDOMWALK3D_SMOOTH_LMIXED,10000,449
DOE_0377_RANDOMWALK3D_MEDIUM_LSHORT_F10000_S01,6571,40000.0,2,3.285,0.5000000000000004,0,1,230,0.6869578450768529,10000.0,10000.0,40019.98107345705,0.1849794898080304,0.0727822451085838,10.67249699578312,29.73716337061764,50.26435684691774,18.36002691399027,32.89021226738929,243.38369999999983,157.25595535,155.23159755,188.89131205,625.9032531428918,RANDOMWALK3D_MEDIUM_LSHORT,10000,450
DOE_0378_RANDOMWALK3D_MEDIUM_LSHORT_F10000_S02,6658,40000.0,2,3.3285,0.5000000000000004,0,1,242,0.6827876239110844,10000.0,10000.0,40019.981073459465,0.1225536543474871,0.0559539513756064,14.721603177002496,34.2953685212106,45.17529875182832,23.703314044371265,34.11224701137256,209.2369999999999,157.68246543,158.75688797,188.734338655,621.9650780635419,RANDOMWALK3D_MEDIUM_LSHORT,10000,451
DOE_0379_RANDOMWALK3D_MEDIUM_LLONG_F10000_S01,23854,40000.0,2,11.9265,0.5000000000000004,0,1,170,0.1918336547329588,10000.0,10000.0,40000.80000000253,7.919354356418101,4.738136634820092,54.84621472665052,103.71808951740265,60.22833242734053,26.46131933646983,42.84476916175302,242.1343,139.10349556000008,138.6730626100001,183.7897087,639.6257553245023,RANDOMWALK3D_MEDIUM_LLONG,10000,452
DOE_0380_RANDOMWALK3D_MEDIUM_LLONG_F10000_S02,31151,40000.0,2,15.575,0.500000000000056,0,1,232,0.1430130653911591,10000.0,10000.0,39999.59999999874,8.275649405639559,4.707067886399038,57.741661927904566,101.7880874809968,63.65794428578955,28.672525215023416,41.27087319348476,250.632999999997,136.16501425,133.935405,183.78247825,620.9041849980478,RANDOMWALK3D_MEDIUM_LLONG,10000,453
DOE_0381_RANDOMWALK3D_MEDIUM_LMIXED_F10000_S01,15075,40000.0,2,7.537,0.4999999999999449,0,1,170,0.2977777777777777,10000.0,10000.0,40018.28401718407,1.3140179664468776,0.2463853579263999,24.67950552971335,81.42178162867937,55.627555901888016,26.16463614985452,40.545890015225005,251.32099999999724,143.92594774,146.37407466000002,184.12178385,647.1290293839437,RANDOMWALK3D_MEDIUM_LMIXED,10000,454
DOE_0382_RANDOMWALK3D_MEDIUM_LMIXED_F10000_S02,23284,40000.0,2,11.6415,0.5000000000000004,0,1,300,0.1948548359388421,10000.0,10000.0,40000.80000000253,1.3131550701564505,0.2592521212784188,22.252468273311194,88.56195174458561,62.85906991941092,27.563907735085184,38.80331785080308,228.22799999999788,139.57901630999987,140.74432214999987,183.13198251,639.6076757722667,RANDOMWALK3D_MEDIUM_LMIXED,10000,455
DOE_0383_RANDOMWALK3D_SHARP_LSHORT_F10000_S01,6403,40000.0,2,3.201,0.5000000000000004,0,1,211,0.7074808683429642,10000.0,10000.0,40019.98107345705,0.0749991087047207,0.0255985582986106,16.806080321314344,47.28849080324826,31.708272614344807,15.274244950681677,29.520158818927072,146.91051,159.39491347,158.41224232000002,189.97587571,618.9518392578931,RANDOMWALK3D_SHARP_LSHORT,10000,456
DOE_0384_RANDOMWALK3D_SHARP_LSHORT_F10000_S02,6482,40000.0,2,3.2405,0.5000000000000004,0,1,222,0.7004011107682814,10000.0,10000.0,40019.302250948815,0.0677682863772208,0.0321360008991748,16.417247842518996,45.107280110394576,28.283631390351275,15.579526722181434,30.293684795493807,153.28429999999992,159.59643023,159.64904168,188.9647147,618.8073703153813,RANDOMWALK3D_SHARP_LSHORT,10000,457
DOE_0385_RANDOMWALK3D_SHARP_LLONG_F10000_S01,27039,40000.0,2,13.519,0.5000000000000004,0,1,191,0.1654277155220237,10000.0,10000.0,40000.32000000033,7.07725244570184,3.260313109552037,87.06607460947052,145.01172064278748,84.40272008887055,38.14396723633708,57.94870793405138,310.39700000000005,143.13463137999992,145.27437290999993,183.73282842,618.2456042088081,RANDOMWALK3D_SHARP_LLONG,10000,458
DOE_0386_RANDOMWALK3D_SHARP_LLONG_F10000_S02,34627,40000.0,2,17.313000000000002,0.500000000000056,0,1,253,0.1310249227481445,10000.0,10000.0,39999.35999999935,6.552867498748835,3.2613510754539896,84.49869406955297,145.93963073797232,92.3932167781523,42.012435859599286,47.70282510653215,372.66960000000006,133.72118911999976,136.92816807999978,183.72438209,605.4077189174282,RANDOMWALK3D_SHARP_LLONG,10000,459
DOE_0387_RANDOMWALK3D_SHARP_LMIXED_F10000_S01,14788,40000.0,2,7.3935,0.4999999999999449,0,1,171,0.3045712740059508,10000.0,10000.0,40018.284017181664,2.4052962796550985,0.2439475544224369,28.686176265941832,107.72031994743604,68.39414940822469,31.213984409594097,55.669241841351656,345.45070000000067,155.40626548499998,151.00441942999998,183.87507303,631.1676152814732,RANDOMWALK3D_SHARP_LMIXED,10000,460
DOE_0388_RANDOMWALK3D_SHARP_LMIXED_F10000_S02,21942,40000.0,2,10.9705,0.4999999999999449,0,1,275,0.206225503600401,10000.0,10000.0,40000.80000000253,2.422806507209973,0.277190604839066,30.562577109801808,117.13536787514722,71.59624335372752,39.94924713711404,47.39654593962436,290.7185999999999,142.323656045,140.43843,184.499379835,639.111924023838,RANDOMWALK3D_SHARP_LMIXED,10000,461
DOE_0389_SINGLE_AXIS_LSHORT_F10000_S01,13245,40000.0,2,6.622,0.4999999999999449,0,1,156,0.3438278595696489,10000.0,10000.0,40018.28401718407,0.6525470000000002,0.0496775000000013,0.0,180.0,114.1532629377964,6.519183351808715,18.560961486667424,412.5639999999997,148.11291504,158.45351119999998,187.5,628.5068524401869,SINGLE_AXIS_LSHORT,10000,462
DOE_0390_SINGLE_AXIS_LSHORT_F10000_S02,29275,40000.0,2,14.637,0.500000000000056,0,1,278,0.1555593509820666,10000.0,10000.0,39999.59999999874,2.2017890000000007,0.0906357999999985,0.0,180.0,123.94132733893768,5.2723432157468295,12.86343312980447,398.3850000000011,137.36355997999985,148.14991079999984,187.5,607.8334684032756,SINGLE_AXIS_LSHORT,10000,463
DOE_0391_SINGLE_AXIS_LLONG_F10000_S01,33540,40000.0,2,16.7695,0.500000000000056,0,1,164,0.135778175313059,10000.0,10000.0,39999.59999999874,7.247135999999999,0.7019410999999985,0.0,180.0,96.54613054851076,4.3058481639535575,11.731475802987667,390.0280000000009,132.55780955000006,143.74430850000007,187.5,599.4071448464798,SINGLE_AXIS_LLONG,10000,464
DOE_0392_SINGLE_AXIS_LLONG_F10000_S02,35786,40000.0,2,17.892500000000002,0.5000000000000004,0,1,169,0.1272564690102274,10000.0,10000.0,39998.39999999495,10.342574,1.0683205999999998,180.0,180.0,96.09283127026288,4.305309695190478,11.408404416282192,381.2430000000013,130.79351232500017,141.22206000000017,187.5,593.6255622489331,SINGLE_AXIS_LLONG,10000,465
DOE_0393_SINGLE_AXIS_LMIXED_F10000_S01,26995,40000.0,2,13.497,0.5000000000000004,0,1,200,0.1686979070198185,10000.0,10000.0,40000.32000000033,3.1844145000000004,0.1635622999999992,0.0,180.0,111.09841283243136,5.0455628366771,13.160128242473096,389.8073,139.83654394000013,150.22948360000012,187.5,611.6362010104939,SINGLE_AXIS_LMIXED,10000,466
DOE_0394_SINGLE_AXIS_LMIXED_F10000_S02,28948,40000.0,2,14.4735,0.500000000000056,0,1,192,0.1573165676385242,10000.0,10000.0,39999.59999999874,3.9996975,0.2420216999999999,0.0,180.0,103.54803023562528,4.784630882199507,12.697982546631668,388.0300000000005,138.1412879099999,148.4606646499999,187.5,607.9734220905707,SINGLE_AXIS_LMIXED,10000,467
DOE_0395_TWO_AXIS_CIRCULAR_LSHORT_F10000_S01,14033,40000.0,2,7.016,0.4999999999999449,0,1,264,0.3245207724649041,10000.0,10000.0,40018.28401718407,2.8771247142166856,0.8104253617197972,15.147811595800698,15.878001185085315,41.68869765773941,17.30723757562939,18.17908057935569,242.0977,149.07273682000002,148.84741632,187.5,636.2539192543176,TWO_AXIS_CIRCULAR_LSHORT,10000,468
DOE_0396_TWO_AXIS_CIRCULAR_LSHORT_F10000_S02,14294,40000.0,2,7.1465000000000005,0.4999999999999449,0,1,293,0.3185952147754302,10000.0,10000.0,40018.284017181664,2.6122644714072405,0.5735603264063049,15.12465197784241,15.745077629888396,46.98123615581528,20.543236647739697,18.22023249363095,242.0977,148.99203323499998,148.76607348,187.5,636.0238295241601,TWO_AXIS_CIRCULAR_LSHORT,10000,469
DOE_0397_TWO_AXIS_CIRCULAR_LLONG_F10000_S01,38972,40000.0,2,19.4855,0.5000000000000004,0,1,220,0.1168531253207431,10000.0,10000.0,39687.37501414879,13.20894849352556,6.6795485060612005,60.10601967548086,60.4186518443745,38.27999546062446,14.880895542356091,12.245422985893708,202.16170000000045,128.22239642500008,128.2760562550001,187.5,594.1156873749728,TWO_AXIS_CIRCULAR_LLONG,10000,470
DOE_0398_TWO_AXIS_CIRCULAR_LLONG_F10000_S02,36241,40000.0,2,18.12,0.5000000000000004,0,1,185,0.1256587842498827,10000.0,10000.0,39998.39999999495,14.5092258264816,9.079395169591333,60.08867974945338,60.23399558461792,30.627938975804728,12.591412359101872,11.897238038063024,137.73950000000036,131.36194429999983,131.30643079999982,187.5,600.650634817274,TWO_AXIS_CIRCULAR_LLONG,10000,471
DOE_0399_TWO_AXIS_CIRCULAR_LMIXED_F10000_S01,28240,40000.0,2,14.1195,0.5000000000000004,0,1,302,0.1612606232294617,10000.0,10000.0,39999.83999999984,3.98690710594241,0.7943194612921737,37.89036289616248,61.33473393594949,57.05923396810342,24.385813518037185,14.703766328316776,294.0285,139.95925843500007,140.04327948500006,187.5,617.2006485636401,TWO_AXIS_CIRCULAR_LMIXED,10000,472
DOE_0400_TWO_AXIS_CIRCULAR_LMIXED_F10000_S02,24149,40000.0,2,12.074,0.5000000000000004,0,1,181,0.1885792372354963,10000.0,10000.0,40000.80000000253,8.266055396717714,2.6333018941786848,38.00102848785828,60.58245698003061,29.93936290312729,11.882205939378624,14.038824056094631,130.16950000000006,143.26831006000003,143.17017676000003,187.5,624.670749693481,TWO_AXIS_CIRCULAR_LMIXED,10000,473
DOE_0401_THREE_AXIS_HELIX_LSHORT_F10000_S01,20220,40000.0,2,10.1095,0.4999999999999449,0,1,244,0.223837784371909,10000.0,10000.0,40016.586960911096,5.224866985663161,5.224267504518931,14.99918814991902,15.002334819217932,19.92171884862794,8.92226004870301,15.564767911213504,92.78599999999938,145.24077770000008,145.24077770000008,182.64426584,638.1479601603495,THREE_AXIS_HELIX_LSHORT,10000,474
DOE_0403_THREE_AXIS_HELIX_LLONG_F10000_S01,50034,40000.0,2,25.0165,0.4999999999999449,0,1,183,0.0907582843666306,10000.0,10000.0,31244.172150249306,20.93306131635518,20.932750475592044,59.99976127698669,60.00016941852828,18.010671371611082,7.178573391458658,10.04754728185869,108.6550000000006,114.5026898499998,114.4778213499998,182.584179475,577.6650480852607,THREE_AXIS_HELIX_LLONG,10000,475
DOE_0404_THREE_AXIS_HELIX_LLONG_F10000_S02,50034,40000.0,2,25.0165,0.4999999999999449,0,1,183,0.0907582843666306,10000.0,10000.0,31244.172150249306,20.93306131635518,20.932750475592044,59.99976127698669,60.00016941852828,17.93063048421221,7.434406575272688,9.830347328287823,107.2040000000012,114.5026898499998,114.4763543499998,182.584179475,577.6664139973226,THREE_AXIS_HELIX_LLONG,10000,476
DOE_0405_THREE_AXIS_HELIX_LMIXED_F10000_S01,41139,40000.0,2,20.569000000000003,0.4999999999999449,0,1,234,0.1100901820656797,10000.0,10000.0,38701.41736292834,20.648672311338544,5.219346624044267,38.02563472360608,60.12397453725415,18.62927489458461,7.40153692829439,11.054101007130546,140.77799999999962,124.9755780000003,124.9780810000003,182.65895004,597.504378402595,THREE_AXIS_HELIX_LMIXED,10000,477
DOE_0406_THREE_AXIS_HELIX_LMIXED_F10000_S02,30885,40000.0,2,15.442,0.500000000000056,0,1,170,0.1471264367816092,10000.0,10000.0,39999.59999999874,17.966327157023763,5.219346624174681,37.37711106670387,60.12420888910157,18.252901116249564,8.145440609587556,12.28837794255955,92.78599999999938,136.57626219999997,136.57895319999997,182.64299132,620.4978624439215,THREE_AXIS_HELIX_LMIXED,10000,478
DOE_0409_ZIGZAG_LLONG_F10000_S01,22551,40000.0,2,11.275,0.4999999999999727,0,1,162,0.201942264201144,10000.0,10000.0,40000.80000000253,11.999999,1.1006629397121055,13.775667290400808,120.67820514621764,54.65885106420403,17.318118116023836,15.460889278519096,219.7630000000004,141.1974475,139.5174475,187.5,635.4862042078664,ZIGZAG_LLONG,10000,479
DOE_0410_ZIGZAG_LLONG_F10000_S02,33637,40000.0,2,16.818,0.500000000000056,0,1,263,0.1353866278205547,10000.0,10000.0,39999.59999999874,11.999999,1.1376257283719635,12.77013614590983,107.26404369393944,55.09810248170312,18.051828366879484,13.023190486051025,231.78699999999708,131.13767479999993,129.11367479999993,187.5,614.9807765044089,ZIGZAG_LLONG,10000,480
DOE_0411_ZIGZAG_LMIXED_F10000_S01,26676,40000.0,2,13.3375,0.5000000000000004,0,1,261,0.170715249662618,10000.0,10000.0,40000.32000000033,5.641924902932995,1.992476,0.0,110.63585197823303,52.57206932077559,17.93336978274076,14.094102280682826,231.5940000000012,138.004165,135.673165,187.5,629.4833582960695,ZIGZAG_LMIXED,10000,481
DOE_0412_ZIGZAG_LMIXED_F10000_S02,25401,40000.0,2,12.7,0.5000000000000004,0,1,246,0.1792842801464509,10000.0,10000.0,40000.32000000033,5.609836173861753,1.992476,0.0393565657813329,111.029678699242,52.35129586847767,18.019046044179312,14.38828055417989,233.000999999998,139.0624,136.7714,187.5,631.652356238208,ZIGZAG_LMIXED,10000,482
DOE_0419_RANDOMWALK3D_SMOOTH_LSHORT_F15000_S01,6220,40000.0,2,3.1095,0.5000000000000004,0,1,280,0.7366559485530546,15000.0,15000.0,40019.98107345705,0.3010500779951499,0.1322761481412901,4.757184760829892,10.250813112226488,65.5397155008017,30.62903493514928,43.46575626894944,343.2573000000003,159.69911847,150.109422735,182.8420599,637.1537379373543,RANDOMWALK3D_SMOOTH_LSHORT,15000,483
DOE_0420_RANDOMWALK3D_SMOOTH_LSHORT_F15000_S02,6149,40000.0,2,3.074,0.5000000000000004,0,1,284,0.7352415026833632,15000.0,15000.0,40019.981073459465,0.3326173247926104,0.1592858840658161,4.350720276536648,10.238464250089256,62.9759892627352,28.056553069385807,44.85885864593176,315.84200000000175,153.9551612,146.3243097,184.32278654,645.0622824380702,RANDOMWALK3D_SMOOTH_LSHORT,15000,484
DOE_0421_RANDOMWALK3D_SMOOTH_LLONG_F15000_S01,23513,40000.0,2,11.756,0.5000000000000004,0,1,244,0.1934674435418704,15000.0,15000.0,40000.80000000253,8.333534270601827,4.501239618149726,25.352023885778703,99.69640359038004,83.93277296235036,35.194153816044306,48.52944249866977,402.13099999999713,140.91416446000008,141.0995188800001,183.63655638,636.4745313060212,RANDOMWALK3D_SMOOTH_LLONG,15000,485
DOE_0422_RANDOMWALK3D_SMOOTH_LLONG_F15000_S02,20037,40000.0,2,10.018,0.4999999999999449,0,1,197,0.2275290712182462,15000.0,15000.0,40018.28401717683,8.445840705913795,4.832229182769688,29.08245644908804,101.25900695641252,78.44038755210512,39.35069218460795,49.56606612657844,412.3787000000001,147.16649905999998,142.64700025999997,183.8960727,637.6262421353438,RANDOMWALK3D_SMOOTH_LLONG,15000,486
DOE_0427_RANDOMWALK3D_MEDIUM_LLONG_F15000_S01,25958,40000.0,2,12.9785,0.5000000000000004,0,1,264,0.17482086447338,15000.0,15000.0,40000.80000000253,8.005569917177112,4.599551765538681,51.91644113161956,94.9532935143018,102.19322550897462,52.88222808529893,65.1072868234902,379.1280000000015,138.49933091000003,144.61766180500004,183.96815953,627.0885041697708,RANDOMWALK3D_MEDIUM_LLONG,15000,487
DOE_0428_RANDOMWALK3D_MEDIUM_LLONG_F15000_S02,28795,40000.0,2,14.397,0.5000000000000004,0,1,299,0.1567633269664872,15000.0,15000.0,39999.59999999874,7.989627511034066,4.527859582938532,52.22833620488828,89.48544427465734,104.3958411814486,50.27515597253174,67.08327017254166,413.8161999999999,136.19116750000012,136.4722206800001,183.6295109,627.947318613121,RANDOMWALK3D_MEDIUM_LLONG,15000,488
DOE_0429_RANDOMWALK3D_MEDIUM_LMIXED_F15000_S01,14262,40000.0,2,7.1305000000000005,0.4999999999999449,0,1,229,0.3133501612677044,15000.0,15000.0,40018.28401718407,1.926281451311695,0.2584919711408501,23.494069310847543,71.92131081852962,88.69774556302156,45.02505889271963,63.28683658898915,357.13499999999954,145.49608141499996,144.99191110999996,184.797625875,647.3408457240181,RANDOMWALK3D_MEDIUM_LMIXED,15000,489
DOE_0430_RANDOMWALK3D_MEDIUM_LMIXED_F15000_S02,16422,40000.0,2,8.2105,0.4999999999999449,0,1,280,0.2778589696748264,15000.0,15000.0,40018.28401718407,1.4856524122843735,0.293585493896991,23.20641948955322,83.35772700206563,94.77404973423454,51.02472921026399,65.33150609668773,354.7589999999996,145.78952350999995,144.95780840999996,184.97409062,643.0908710431777,RANDOMWALK3D_MEDIUM_LMIXED,15000,490
DOE_0431_RANDOMWALK3D_SHARP_LSHORT_F15000_S01,6324,40000.0,2,3.1615,0.5000000000000004,0,1,297,0.7167931688804554,15000.0,15000.0,40019.98107345705,0.0672445593256736,0.0254257174244095,14.100859602555328,36.4990356408213,34.4479358091351,16.690617396016442,32.99639581779414,173.17569999999992,158.561585725,159.79863916,189.38544615,619.2085038001364,RANDOMWALK3D_SHARP_LSHORT,15000,491
DOE_0432_RANDOMWALK3D_SHARP_LSHORT_F15000_S02,6032,40000.0,2,3.0155,0.5000000000000004,0,1,254,0.7524867374005305,15000.0,15000.0,40019.981073459465,0.0745494694493295,0.0290242953966967,10.663174448260488,27.601051136001384,31.50790928901416,15.063463380737891,33.93188505797067,167.83999999999995,157.6411333,159.73582073999998,189.875479175,619.6635493624641,RANDOMWALK3D_SHARP_LSHORT,15000,492
DOE_0433_RANDOMWALK3D_SHARP_LLONG_F15000_S01,24331,40000.0,2,12.165,0.5000000000000004,0,1,239,0.1859767374953762,15000.0,15000.0,40000.80000000253,6.121597367413531,3.0640693956172536,67.22638385750786,127.57469067083989,125.55900437247873,69.17726068397434,79.79766021150613,437.595,140.76554620000005,149.36529240000004,184.4192803,624.6404241519667,RANDOMWALK3D_SHARP_LLONG,15000,493
DOE_0434_RANDOMWALK3D_SHARP_LLONG_F15000_S02,28288,40000.0,2,14.1435,0.5000000000000004,0,1,295,0.1597850678733031,15000.0,15000.0,40000.32000000033,5.659291693872532,3.1002776234977696,69.55477281114275,132.37158244834978,133.49372036678048,65.9168132400142,82.57783401653182,495.3520000000004,139.3011943300001,138.09249816000008,185.073395305,623.0408601371068,RANDOMWALK3D_SHARP_LLONG,15000,494
DOE_0436_RANDOMWALK3D_SHARP_LMIXED_F15000_S02,17214,40000.0,2,8.606499999999999,0.4999999999999449,0,1,302,0.2603694667131405,15000.0,15000.0,40018.284017181664,1.5509235765514655,0.2368078594725726,27.40878384684523,107.2523440287368,123.55704121870406,58.70907466916996,73.98387744504389,528.2429999999998,149.90065654499995,143.79931396999996,188.560275675,633.6871038947796,RANDOMWALK3D_SHARP_LMIXED,15000,495
DOE_0439_SINGLE_AXIS_LLONG_F15000_S01,41849,40000.0,2,20.924,0.4999999999999449,0,1,272,0.1088198045353533,15000.0,15000.0,38598.05156189297,9.269558,0.7133006999999989,180.0,180.0,173.0907684672452,6.203857360813667,12.144056113211674,588.5640000000017,123.97407673999962,134.12173559999962,187.5,579.5120296877751,SINGLE_AXIS_LLONG,15000,496
DOE_0440_SINGLE_AXIS_LLONG_F15000_S02,42270,40000.0,2,21.134500000000003,0.4999999999999449,0,1,298,0.107735982966643,15000.0,15000.0,38387.99999999879,9.193205000000004,0.6364763999999996,180.0,180.0,180.1721585386109,6.465791753944568,12.19138406658723,589.5340000000004,123.8705168849997,133.6253520999997,187.5,578.1690508435514,SINGLE_AXIS_LLONG,15000,497
DOE_0441_SINGLE_AXIS_LMIXED_F15000_S01,25799,40000.0,2,12.899,0.5000000000000004,0,1,233,0.1765184697081282,15000.0,15000.0,40000.32000000033,3.063688,0.2263502000000002,0.0,180.0,175.29613241032416,6.995985756504582,15.06853854780724,569.8889999999999,140.61677720000003,151.23889760000003,187.5,613.9330363981388,SINGLE_AXIS_LMIXED,15000,498
DOE_0442_SINGLE_AXIS_LMIXED_F15000_S02,21446,40000.0,2,10.7225,0.4999999999999449,0,1,222,0.2123472908700923,15000.0,15000.0,40000.80000000253,3.130368500000001,0.1127649999999985,0.0,180.0,185.54348474826097,7.420698858329891,16.305149570117177,592.1006999999996,145.49034064999995,154.43967599999996,187.5,618.720720690411,SINGLE_AXIS_LMIXED,15000,499
DOE_0443_TWO_AXIS_CIRCULAR_LSHORT_F15000_S01,10991,40000.0,2,5.495,0.4999999999999449,0,1,278,0.4143390046401601,15000.0,15000.0,40018.28401718648,2.6388320699468157,0.3767447674961204,15.21794385070686,16.4362596961423,82.98406068172845,34.93751415170962,24.00112024713582,358.88100000000003,150.20462685,150.4338223,187.5,637.236821494225,TWO_AXIS_CIRCULAR_LSHORT,15000,500
DOE_0444_TWO_AXIS_CIRCULAR_LSHORT_F15000_S02,10708,40000.0,2,5.3535,0.4999999999999449,0,1,234,0.4252895031751961,15000.0,15000.0,40018.28401718648,3.09689390766304,1.229151123299833,15.203222116264053,15.660227516701882,73.55297590926673,31.1600431689676,22.81755730948361,323.61739999999986,150.24786407,150.020332145,187.5,637.907563523677,TWO_AXIS_CIRCULAR_LSHORT,15000,501
DOE_0445_TWO_AXIS_CIRCULAR_LLONG_F15000_S01,28061,40000.0,2,14.03,0.5000000000000004,0,1,234,0.1622892983143865,15000.0,15000.0,39999.83999999984,12.730394552035024,5.391312803617598,60.16303929368304,60.86503361200867,98.33435946735536,47.51653200286042,21.19691209657377,695.3335000000003,140.05683250000013,139.97055110000014,187.5,617.8456398832069,TWO_AXIS_CIRCULAR_LLONG,15000,502
DOE_0446_TWO_AXIS_CIRCULAR_LLONG_F15000_S02,28948,40000.0,2,14.4735,0.500000000000056,0,1,267,0.1573165676385242,15000.0,15000.0,39999.59999999874,11.357187990438852,2.6839573435571635,60.16583011625301,61.18948402446587,110.18616724582604,56.842123033924544,24.481358411438084,1150.3999999999994,139.2610229649999,139.2658036799999,187.5,616.0139185186142,TWO_AXIS_CIRCULAR_LLONG,15000,503
DOE_0447_TWO_AXIS_CIRCULAR_LMIXED_F15000_S01,16672,40000.0,2,8.3355,0.4999999999999449,0,1,159,0.2731525911708253,15000.0,15000.0,40018.284017181664,9.58762264001808,2.9526125409134374,37.63142425636499,61.37425642349784,64.25990731930327,25.99188648346948,19.29406348014531,301.3780000000006,147.86356999000003,147.77876063000002,187.5,634.0840733571556,TWO_AXIS_CIRCULAR_LMIXED,15000,504
DOE_0448_TWO_AXIS_CIRCULAR_LMIXED_F15000_S02,18519,40000.0,2,9.259,0.4999999999999449,0,1,205,0.2459096063502349,15000.0,15000.0,40016.58696090627,5.820900889941657,2.2931224758731674,37.344608285906105,61.42878703714987,80.3469488951525,32.943330806735624,19.57929369896512,329.39269999999965,147.01683186999998,146.92940695,187.5,631.9961289161745,TWO_AXIS_CIRCULAR_LMIXED,15000,505
DOE_0449_THREE_AXIS_HELIX_LSHORT_F15000_S01,16108,40000.0,2,8.0535,0.4999999999999449,0,1,270,0.2806059101067792,15000.0,15000.0,40018.284017181664,5.198801388794832,5.198419333557702,14.99790657616141,14.999866752059276,39.33839864852185,15.499724635329148,19.694888298262764,132.72600000000168,147.43179049999998,147.43179049999998,182.680064645,642.4560164985384,THREE_AXIS_HELIX_LSHORT,15000,506
DOE_0451_THREE_AXIS_HELIX_LLONG_F15000_S01,35071,40000.0,2,17.535,0.5000000000000004,0,1,184,0.1294801973140201,15000.0,15000.0,39998.39999999495,20.905900736817195,20.90569207456163,59.99954144248435,60.00017379477161,43.02218542813945,16.434347704636465,14.27114088738073,221.18269999999995,132.10313800000034,132.04281800000032,182.5915956,611.4699263533164,THREE_AXIS_HELIX_LLONG,15000,507
DOE_0452_THREE_AXIS_HELIX_LLONG_F15000_S02,47149,40000.0,2,23.574,0.4999999999999449,0,1,256,0.0959299242825934,15000.0,15000.0,34015.524444042545,20.905900736814857,20.905692074548337,59.99954144248435,60.00017378945327,43.26606241451386,17.40275913261545,12.430893620570757,223.44399999999976,117.9397531999996,117.87943319999962,182.61963848,583.9575020856302,THREE_AXIS_HELIX_LLONG,15000,508
DOE_0453_THREE_AXIS_HELIX_LMIXED_F15000_S01,35296,40000.0,2,17.6475,0.5000000000000004,0,1,295,0.1278898458748866,15000.0,15000.0,39998.39999999495,20.725942994785207,5.20094995873893,37.950421006932594,60.36330960640655,42.27163457647679,17.203615309124903,13.840985693175655,127.1950000000004,131.80431475000034,131.80431475000034,182.680701575,610.8628246810154,THREE_AXIS_HELIX_LMIXED,15000,509
DOE_0454_THREE_AXIS_HELIX_LMIXED_F15000_S02,24527,40000.0,2,12.263,0.5000000000000004,0,1,191,0.185061360949158,15000.0,15000.0,40000.80000000253,20.885814414452387,5.2009499589200905,38.75661079971552,60.36330960640655,41.760891278169694,16.904296113271595,15.692383953809976,205.41350000000057,142.27869640000011,142.27869640000011,182.65553714,632.048571019472,THREE_AXIS_HELIX_LMIXED,15000,510
DOE_0457_ZIGZAG_LLONG_F15000_S01,26113,40000.0,2,13.056,0.5000000000000004,0,1,280,0.1743958947650595,15000.0,15000.0,40000.32000000033,11.999393,1.1985255076566244,13.040077989742002,117.9088874109982,98.79681300691544,30.09409285212282,19.12061506066729,323.68800000000067,138.47928840000006,138.47928840000006,187.5,628.0356852012178,ZIGZAG_LLONG,15000,511
DOE_0458_ZIGZAG_LLONG_F15000_S02,19494,40000.0,2,9.7465,0.4999999999999449,0,1,194,0.2336103416435826,15000.0,15000.0,40000.80000000253,11.999393,1.2050301730414328,23.35338890427441,119.15850454258288,95.96178983833374,28.95784713746708,20.51515743769426,320.41399999999953,143.1339933,143.1339933,187.5,637.7909670291948,ZIGZAG_LLONG,15000,512
DOE_0459_ZIGZAG_LMIXED_F15000_S01,21080,40000.0,2,10.5395,0.4999999999999449,0,1,293,0.2160341555977229,15000.0,15000.0,40000.80000000253,4.0408640725523695,1.9942269999999995,0.0,86.14122868917411,97.7907212762139,29.655210917662444,19.835692665479176,331.3610000000011,142.17499264999995,139.88949264999994,187.5,638.1867649417628,ZIGZAG_LMIXED,15000,513
DOE_0460_ZIGZAG_LMIXED_F15000_S02,20453,40000.0,2,10.226,0.4999999999999449,0,1,290,0.2226568229599569,15000.0,15000.0,40000.80000000253,3.426022486162044,1.9942269999999995,0.0,114.67226836287026,105.1612423013635,25.578521713361056,20.709717897429435,358.350999999999,142.56587319999997,141.05037319999997,187.5,638.1945867036985,ZIGZAG_LMIXED,15000,514
DOE_1020_HELIX_ENTRY_R2P5_F15000_S01,17193,40000.0,2,8.596,0.4999999999999449,0,1,198,0.2766823707322747,15000.0,15000.0,40018.28401717683,5.682820395433914,5.682820395433914,179.99999879258172,179.99999879258172,296.52885184037007,211.14283722955773,58.719218937113375,506.4588999999999,156.07497719999992,155.82150719999993,186.0,618.2796801189453,HELIX_ENTRY_R2P5,15000,515
DOE_1021_HELIX_ENTRY_R4P0_F500_S02,30172,40000.0,2,15.0855,0.500000000000056,0,1,12,0.1582924565822617,500.0,500.0,39999.59999999874,12.56722976941962,12.37975349765957,91.05637887021145,177.85236141564224,9.143156426512942,3.1346376771929125,11.218279295613309,92.78599999999938,145.2786880000001,145.2786880000001,187.05583696,599.7006966234145,HELIX_ENTRY_R4P0,500,516
DOE_1024_HELIX_ENTRY_R2P5_F5000_S05,17673,40000.0,2,8.835999999999999,0.4999999999999449,0,1,70,0.2691676568777231,5000.0,5000.0,40017.60519467343,7.763631230860922,7.763631230860922,180.0,180.0,49.08348138853621,19.544720750330583,16.09588104476988,97.95260000000016,155.41951889999996,155.36461539999996,186.0,618.4489615943039,HELIX_ENTRY_R2P5,5000,517
DOE_1026_HELIX_ENTRY_R6P0_F10000_S07,25699,40000.0,2,12.849,0.5000000000000004,0,1,96,0.1871279038094867,10000.0,10000.0,40000.32000000033,18.72385289135554,18.72385289135554,180.0,180.0,82.27354559398405,31.007255367544968,16.546158398603286,165.241,148.41402260000004,148.32256510000002,186.0,611.2167296266678,HELIX_ENTRY_R6P0,10000,518
DOE_1027_HELIX_ENTRY_R8P0_F15000_S08,29411,40000.0,2,14.705,0.500000000000056,0,1,126,0.1642582707150386,15000.0,15000.0,39999.59999999874,24.89550753808604,24.89550753808604,179.99999879258172,179.99999879258172,144.93517368076095,58.71350334119442,21.39633113827517,283.6167000000005,144.17458150000013,144.02139900000014,186.0,606.5248844396675,HELIX_ENTRY_R8P0,15000,519
DOE_1028_HELIX_ENTRY_R2P5_F500_S09,27137,40000.0,2,13.568,0.5000000000000004,0,1,14,0.1752957217083686,500.0,500.0,40000.32000000033,7.86978830307657,7.708123478836045,168.58482408221022,173.3014245868534,9.146237204590992,3.3012077143030893,11.819722120577008,92.78599999999938,148.85805369999994,148.85787249999993,186.0,605.349308534952,HELIX_ENTRY_R2P5,500,520
DOE_1050_HELIX_ENTRY_R6P0_F1000_S31,31129,40000.0,2,15.564,0.500000000000056,0,1,16,0.1544861704519901,1000.0,1000.0,39999.59999999874,18.85181370868344,16.71761616359737,177.1370667087432,177.1370838867541,9.66215562738389,3.0979058221994555,11.042186966195487,102.19000000000024,143.31313920000014,143.31278120000013,186.01573426,601.2468767,HELIX_ENTRY_R6P0,1000,521
DOE_1051_HELIX_ENTRY_R8P0_F3000_S32,30275,40000.0,2,15.137,0.500000000000056,0,1,30,0.159570602807597,3000.0,3000.0,39999.59999999874,25.13079047900977,25.006070343897058,177.85379818035983,180.0,10.862260585328436,3.5437402523114967,11.271217806777203,126.8539999999998,143.18234174999984,143.17692414999985,186.0,604.9770281143553,HELIX_ENTRY_R8P0,3000,522
DOE_1053_HELIX_ENTRY_R4P0_F7500_S34,21523,40000.0,2,10.761,0.4999999999999449,0,1,86,0.2222273846582725,7500.0,7500.0,40000.80000000253,12.447753642793923,12.447753642793923,180.0,180.0,69.82139300539627,28.289239349124287,15.945133055054626,141.81219999999993,152.46797669999992,152.39170034999992,186.0,615.4223042455237,HELIX_ENTRY_R4P0,7500,523
DOE_1057_HELIX_ENTRY_R4P0_F1000_S38,26575,40000.0,2,13.287,0.5000000000000004,0,1,18,0.1798306679209783,1000.0,1000.0,40000.80000000253,12.566975531479368,12.442055970339826,177.85308346952607,177.85310637980768,9.760289435115515,3.3661304669033787,11.955425145353214,92.78599999999938,148.59331204999987,148.59240389999988,186.60971182,606.9644400894317,HELIX_ENTRY_R4P0,1000,524
DOE_1058_HELIX_ENTRY_R6P0_F3000_S39,27221,40000.0,2,13.61,0.5000000000000004,0,1,34,0.1766650747584585,3000.0,3000.0,40000.32000000033,18.846683836706443,18.846086894394187,178.56957708535057,179.99999879258172,11.269403766383368,3.838736216926183,11.933563504778848,102.19000000000024,147.04268499999995,147.03502749999993,186.0,608.7032391287588,HELIX_ENTRY_R6P0,3000,525
DOE_1059_HELIX_ENTRY_R8P0_F5000_S40,29811,40000.0,2,14.905,0.500000000000056,0,1,46,0.1620542752675187,5000.0,5000.0,39999.59999999874,25.12417748649501,25.123754521677,178.92752588252156,180.0,14.689455595341444,5.388087928306274,11.59465153946891,126.8539999999998,143.65073615000014,143.63415725000013,186.0,605.8831319246161,HELIX_ENTRY_R8P0,5000,526
DOE_1061_CORNER_SEQUENCE_K2_F10000_S002,20956,40000.0,2,10.4775,0.4999999999999449,0,1,61,0.2358274479862569,10000.0,10000.0,40000.80000000253,26.312949928027948,15.780334203474908,66.42542694551057,89.64350145672805,40.3237406497915,18.333743092382523,16.159841687209067,158.67700000000085,144.88699900000006,145.93601150000006,187.5,629.3217876568194,CORNER_SEQUENCE_K2,10000,527
DOE_1066_CORNER_SEQUENCE_K3_F5000_S007,26210,40000.0,2,13.1045,0.5000000000000004,0,1,42,0.1885539870278519,5000.0,5000.0,40000.32000000033,16.991303951876553,16.09568202602258,114.62748433032084,120.6017958827155,16.91462465740929,11.343696624159096,13.069070952407738,92.78599999999938,141.1589922,139.8283262,187.5,623.520477824298,CORNER_SEQUENCE_K3,5000,528
DOE_1068_CORNER_SEQUENCE_K1_F10000_S009,17154,40000.0,2,8.5765,0.4999999999999449,0,1,38,0.2876297073568847,10000.0,10000.0,40018.28401717852,33.49453736317712,23.624365866686187,90.0,93.7823900237307,42.08550440943032,18.52074756487792,17.55563967348451,136.28399999999806,147.86892255000006,150.56892255000005,187.5,630.2153497147649,CORNER_SEQUENCE_K1,10000,529
DOE_1070_CORNER_SEQUENCE_K3_F500_S011,27918,40000.0,2,13.9585,0.5000000000000004,0,1,12,0.1737230460634716,500.0,500.0,39999.83999999984,15.764137102359795,7.960657633029457,90.0,122.5045470493258,9.269415677979053,4.355401127424635,11.72706429007583,92.78599999999938,144.54327867999982,144.73814999999982,187.5,608.938174731605,CORNER_SEQUENCE_K3,500,530
DOE_1071_CORNER_SEQUENCE_K4_F1000_S012,34300,40000.0,2,17.1495,0.500000000000056,0,1,18,0.1438483965014577,1000.0,1000.0,39999.35999999935,19.46361333301265,13.295031811247595,67.28529109259162,90.0,8.388667278313655,4.545492319092631,10.625499413440004,92.78599999999938,133.90366650000024,132.66431500000024,187.5,605.5830871980646,CORNER_SEQUENCE_K4,1000,531
DOE_1072_CORNER_SEQUENCE_K1_F3000_S013,20922,40000.0,2,10.4605,0.4999999999999449,0,1,18,0.235828314692668,3000.0,3000.0,40000.80000000253,33.148772038624976,23.356296256980556,90.0,90.92905498742608,12.096702712327454,6.631163267169216,13.746693245493493,92.78599999999938,144.28680879500004,143.95645530000004,187.5,632.1054825150718,CORNER_SEQUENCE_K1,3000,532
DOE_1073_CORNER_SEQUENCE_K2_F5000_S014,22718,40000.0,2,11.3585,0.5,0,1,36,0.2175367549960384,5000.0,5000.0,40000.80000000253,27.10662850863812,16.14510907347934,63.32267330232469,89.9380540402043,17.08373644792099,8.443318834605934,13.54372133576653,92.78599999999938,142.99617680499986,142.09764289999987,187.5,630.4065281332757,CORNER_SEQUENCE_K2,5000,533
DOE_1075_CORNER_SEQUENCE_K4_F10000_S016,29828,40000.0,2,14.9135,0.500000000000056,0,1,120,0.1654150462652541,10000.0,10000.0,39999.59999999874,16.258453872555137,11.60475107473033,65.79929622906405,77.26973516145897,41.00665624635659,19.69121668445529,14.385828213666324,135.76299999999986,140.46311254999995,137.55885754999994,187.5,613.0874344999155,CORNER_SEQUENCE_K4,10000,534
DOE_1077_CORNER_SEQUENCE_K2_F500_S018,33048,40000.0,2,16.523500000000002,0.500000000000056,0,1,16,0.1460905349794238,500.0,500.0,39999.59999999874,10.295620809155237,6.082771791102235,88.82168055936809,90.0,8.817114577806766,3.666382922251039,10.763966795220911,92.78599999999938,140.54950769999988,141.01597619999987,187.5,596.1018033783265,CORNER_SEQUENCE_K2,500,535
DOE_1079_CORNER_SEQUENCE_K4_F3000_S020,31908,40000.0,2,15.9535,0.500000000000056,0,1,42,0.1546320671931804,3000.0,3000.0,39999.59999999874,17.109570880719467,11.670195529985602,67.05676684129605,87.61537366789463,10.838640155957531,5.6363415558421925,11.158649930033093,92.78599999999938,136.52989135000004,135.26180085000004,187.5,610.809379254214,CORNER_SEQUENCE_K4,3000,536
DOE_1083_CORNER_SEQUENCE_K4_F15000_S024,29298,40000.0,2,14.6485,0.500000000000056,0,1,174,0.1684073998225135,15000.0,15000.0,39999.59999999874,15.63732989109513,11.519953756661314,62.11433320695129,76.41062046575324,73.6259441772703,33.119071985618376,19.510969609215923,226.98200000000045,141.1379133999999,138.07192739999988,187.5,613.9706202477843,CORNER_SEQUENCE_K4,15000,537
DOE_1084_CORNER_SEQUENCE_K1_F500_S025,28422,40000.0,2,14.2105,0.5000000000000004,0,1,14,0.1689536274716768,500.0,500.0,39999.83999999984,9.920727206361184,6.830385061908356,90.0,90.53867137158043,9.609323003721824,3.5249390882252536,11.586034360344255,92.78599999999938,146.45176365000006,147.20176365000006,187.5,602.6770554116556,CORNER_SEQUENCE_K1,500,538
DOE_1085_CORNER_SEQUENCE_K2_F1000_S026,29518,40000.0,2,14.7585,0.500000000000056,0,1,16,0.1660004065316078,1000.0,1000.0,39999.59999999874,20.5488658896035,12.1650703478925,88.82308644597362,90.0,10.174400186140232,4.28638411289463,11.423963995399731,98.355999999999,140.4413479849998,141.3847916499998,187.5,610.4319990245707,CORNER_SEQUENCE_K2,1000,539
DOE_1086_CORNER_SEQUENCE_K3_F3000_S027,28954,40000.0,2,14.4765,0.500000000000056,0,1,30,0.1706845340885542,3000.0,3000.0,39999.59999999874,17.18675900528769,16.644432824458328,118.76537622426716,122.4370677096188,14.314257487492537,5.485616704107375,11.70568636795536,92.78599999999938,137.80728835000008,138.3590003500001,187.5,618.4119752692783,CORNER_SEQUENCE_K3,3000,540
DOE_1088_CORNER_SEQUENCE_K1_F7500_S029,17274,40000.0,2,8.6365,0.4999999999999449,0,1,30,0.2856315850411022,7500.0,7500.0,40018.28401717683,33.3703191565446,23.82438071085909,90.0,92.64770732682454,28.373399725813293,13.0312493317721,16.288896125188227,141.61399999999702,146.59279195,145.99231795,187.5,636.0958196613326,CORNER_SEQUENCE_K1,7500,541
DOE_1089_CORNER_SEQUENCE_K2_F10000_S030,20956,40000.0,2,10.4775,0.4999999999999449,0,1,61,0.2358274479862569,10000.0,10000.0,40000.80000000253,26.31348662840746,15.780048347362918,66.4238386989735,89.64343581872481,40.64370989286473,18.270954384031885,16.17906577266168,183.72400000000155,144.49552350000005,143.27001150000007,187.5,632.5181071232338,CORNER_SEQUENCE_K2,10000,542
DOE_1090_CORNER_SEQUENCE_K3_F15000_S031,25730,40000.0,2,12.8645,0.5000000000000004,0,1,114,0.1920715118538671,15000.0,15000.0,40000.32000000033,16.02497976077832,13.33668313096934,89.76670488189973,101.4242922584216,77.67434179033337,57.328340764014655,26.974024131637265,268.9839999999997,142.08808979999995,140.22539479999995,187.5,623.7944792049661,CORNER_SEQUENCE_K3,15000,543
DOE_1091_CORNER_SEQUENCE_K4_F500_S032,40682,40000.0,2,20.3405,0.4999999999999449,0,1,18,0.1195123150287596,500.0,500.0,39124.80000000073,11.987004439029512,7.403090133428601,67.29392957622508,90.0,7.556365793721798,3.867904767934546,9.711106226584343,92.78599999999938,131.40055145000028,129.91121195000028,187.5,581.5418584276954,CORNER_SEQUENCE_K4,500,544
DOE_1092_CORNER_SEQUENCE_K1_F1000_S033,24882,40000.0,2,12.4405,0.5000000000000004,0,1,14,0.1954022988505747,1000.0,1000.0,40000.80000000253,19.84145441721472,13.660769425164414,90.0,90.53867266262954,11.568734178999176,4.073112387626838,12.412119297539872,120.19549999999946,146.9748745999999,148.4748745999999,187.5,613.0898723272842,CORNER_SEQUENCE_K1,1000,545
DOE_1093_CORNER_SEQUENCE_K2_F3000_S034,20366,40000.0,2,10.1825,0.4999999999999449,0,1,21,0.242659334184425,3000.0,3000.0,40000.80000000253,27.422661727825236,16.295359941572002,74.7547045025895,90.0,13.99289763428566,5.919143718759461,13.89471307322738,98.35899999999852,145.0598308499999,146.30139549999993,187.5,630.2861264183033,CORNER_SEQUENCE_K2,3000,546
DOE_1094_CORNER_SEQUENCE_K3_F5000_S035,26210,40000.0,2,13.1045,0.5000000000000004,0,1,42,0.1885539870278519,5000.0,5000.0,40000.32000000033,16.991848020302147,16.095043636753182,114.62572545412314,120.6039282314234,25.03267085956268,7.793327981432003,12.698193154568608,117.71200000000093,140.3746257,140.80232619999998,187.5,623.3217267913176,CORNER_SEQUENCE_K3,5000,547
DOE_1095_CORNER_SEQUENCE_K4_F7500_S036,29510,40000.0,2,14.7545,0.500000000000056,0,1,90,0.167197560149102,7500.0,7500.0,39999.59999999874,16.565839012513834,11.623978704532234,66.32852841699187,79.27144849125915,26.923805681576702,13.518206684944987,12.971460373853391,119.1110000000002,139.07526305,137.68553205,187.5,615.6276397093625,CORNER_SEQUENCE_K4,7500,548
DOE_1096_CORNER_SEQUENCE_K1_F10000_S037,17154,40000.0,2,8.5765,0.4999999999999449,0,1,38,0.2876297073568847,10000.0,10000.0,40018.28401717852,33.49395800118559,23.62415116470965,90.0,93.7818781997612,41.72780768454139,18.67866237955396,17.64895826099285,188.67899999999693,146.82847905000006,146.05042255000006,187.5,636.031628637052,CORNER_SEQUENCE_K1,10000,549
DOE_1097_CORNER_SEQUENCE_K2_F15000_S038,21347,40000.0,2,10.673,0.4999999999999449,0,1,91,0.2315079402257928,15000.0,15000.0,40000.80000000253,25.53517601702805,15.409402618023517,69.81901688818365,89.37251599877686,72.56889166442303,31.61497884986967,20.598717876269063,275.4550000000009,144.58078240000003,143.02033790000004,187.5,631.6462605487466,CORNER_SEQUENCE_K2,15000,550
DOE_1098_CORNER_SEQUENCE_K3_F500_S039,27918,40000.0,2,13.9585,0.5000000000000004,0,1,12,0.1737230460634716,500.0,500.0,39999.83999999984,15.764141590629922,7.960283154056771,90.0,122.50418943211058,8.750166201474428,4.635848828631814,11.723856944037104,92.78599999999938,144.89851642499983,144.28714999999983,187.5,609.03572170867,CORNER_SEQUENCE_K3,500,551
DOE_1099_CORNER_SEQUENCE_K4_F1000_S040,34300,40000.0,2,17.1495,0.500000000000056,0,1,18,0.1438483965014577,1000.0,1000.0,39999.35999999935,19.46377124210577,13.295093459523716,67.28554923543328,90.0,8.561941008350136,4.595392631953343,10.606078301953463,92.78599999999938,135.52144750000022,132.84681500000022,187.5,603.7813663765972,CORNER_SEQUENCE_K4,1000,552
DOE_1100_CORNER_SEQUENCE_K1_F3000_S041,20922,40000.0,2,10.4605,0.4999999999999449,0,1,18,0.235828314692668,3000.0,3000.0,40000.80000000253,33.14936304177733,23.35654004841227,90.0,90.92919764591834,15.118420483390604,5.439512548404092,13.684299299304149,126.12050000000076,145.77495530000004,148.47495530000003,187.5,625.8550222165322,CORNER_SEQUENCE_K1,3000,553
DOE_1102_CORNER_SEQUENCE_K3_F7500_S043,25970,40000.0,2,12.9845,0.5000000000000004,0,1,60,0.1902964959568733,7500.0,7500.0,40000.32000000033,16.750181376572364,15.405332374087156,109.06518863097136,117.62324341925397,43.94745109178565,12.1933893996203,13.729040137788504,176.80599999999913,140.7782560000001,141.0019715000001,187.5,623.5235877635196,CORNER_SEQUENCE_K3,7500,554
DOE_1104_CORNER_SEQUENCE_K1_F15000_S045,17034,40000.0,2,8.516499999999999,0.4999999999999449,0,1,54,0.2896559821533404,15000.0,15000.0,40018.284017181664,33.610823629498,22.836289707944992,90.0,96.46404452722712,74.7977898515172,33.044688229338014,21.803132972047024,284.752000000001,147.24436449999993,146.10797599999992,187.5,635.7768426169223,CORNER_SEQUENCE_K1,15000,555
DOE_1105_CORNER_SEQUENCE_K2_F500_S046,33048,40000.0,2,16.523500000000002,0.500000000000056,0,1,16,0.1460905349794238,500.0,500.0,39999.59999999874,10.295734706027076,6.082280290213832,88.82117341114679,90.0,7.824248755230757,4.138902329059627,10.77288150871075,92.78599999999938,140.32701869999988,140.0284761999999,187.5,597.3027127342352,CORNER_SEQUENCE_K2,500,556
DOE_1106_CORNER_SEQUENCE_K3_F1000_S047,24398,40000.0,2,12.1985,0.5000000000000004,0,1,12,0.2020657430936962,1000.0,1000.0,40000.80000000253,25.80067700146769,15.777291546167234,90.0,122.50755578161906,9.612642460769136,5.578872588052223,12.586075105171084,92.78599999999938,143.28267606499992,142.1000913999999,187.5,624.9820835954646,CORNER_SEQUENCE_K3,1000,557
DOE_1107_CORNER_SEQUENCE_K4_F3000_S048,31908,40000.0,2,15.9535,0.500000000000056,0,1,42,0.1546320671931804,3000.0,3000.0,39999.59999999874,17.109440244728972,11.670601457510545,67.05697578600311,87.6180967970419,10.9897770866059,5.68441563802609,11.14022846965621,92.78599999999938,138.14762435000003,135.44430085000002,187.5,608.9927599533358,CORNER_SEQUENCE_K4,3000,558
DOE_1108_CORNER_SEQUENCE_K1_F5000_S049,17506,40000.0,2,8.7525,0.4999999999999449,0,1,22,0.2818462241517194,5000.0,5000.0,40018.114311557016,33.24865987466814,23.24642848749796,90.0,91.64068684535266,20.33886324468776,7.986481728351166,15.2817404793072,126.12050000000076,147.69689725000003,150.39689725000002,187.5,629.8561749206057,CORNER_SEQUENCE_K1,5000,559
DOE_1109_CORNER_SEQUENCE_K2_F7500_S050,22487,40000.0,2,11.243,0.4999999999999449,0,1,51,0.219771423489127,7500.0,7500.0,40000.80000000253,26.71408882950995,15.959351524881733,64.82906622298717,89.74204980767597,28.19702473949044,12.545204469451724,14.381311985352545,118.81399999999688,143.79599811999995,144.92426589999997,187.5,627.2969746848395,CORNER_SEQUENCE_K2,7500,560
DOE_1110_CORNER_SEQUENCE_K3_F10000_S051,25850,40000.0,2,12.9245,0.5000000000000004,0,1,78,0.1911798839458414,10000.0,10000.0,40000.32000000033,16.508516050881486,14.715620602637433,103.07088569979476,113.63372629940667,68.74010907668236,18.052093752806837,15.46521054889392,235.6489999999987,141.09145809999987,141.10095259999986,187.5,623.5066832003457,CORNER_SEQUENCE_K3,10000,561
DOE_1115_CORNER_SEQUENCE_K4_F5000_S056,28875,40000.0,2,14.437,0.5000000000000004,0,1,60,0.1708744588744588,5000.0,5000.0,39999.59999999874,16.866230667337184,11.645209258510125,66.76140085125482,83.56203029002447,16.858692566804255,8.42675075848923,12.091584674865963,92.78599999999938,141.22760739999984,138.47347889999983,187.5,615.1065399926417,CORNER_SEQUENCE_K4,5000,562
DOE_1116_CORNER_SEQUENCE_K1_F7500_S057,17274,40000.0,2,8.6365,0.4999999999999449,0,1,30,0.2856315850411022,7500.0,7500.0,40018.28401717683,33.3709030301596,23.82456553335401,90.0,92.64808135455864,29.66890065639356,12.55894886297901,16.178021580090505,126.12050000000076,147.81081795,150.51081795,187.5,630.0940129268523,CORNER_SEQUENCE_K1,7500,563
DOE_1117_CORNER_SEQUENCE_K2_F10000_S058,20956,40000.0,2,10.4775,0.4999999999999449,0,1,61,0.2358274479862569,10000.0,10000.0,40000.80000000253,26.312949928027948,15.780334203474908,66.42542694551057,89.64350145672805,40.3237406497915,18.333743092382523,16.159841687209067,158.67700000000085,144.88699900000006,145.93601150000006,187.5,629.3217876568194,CORNER_SEQUENCE_K2,10000,564
DOE_1118_CORNER_SEQUENCE_K3_F15000_S059,25730,40000.0,2,12.8645,0.5000000000000004,0,1,114,0.1920715118538671,15000.0,15000.0,40000.32000000033,16.025184294520265,13.336198284271628,89.76534854135696,101.42549282563226,131.65515687906773,33.38156097246441,20.97216010866542,356.3590000000012,141.64222779999994,141.19939479999994,187.5,623.2427195274016,CORNER_SEQUENCE_K3,15000,565
DOE_1119_CORNER_SEQUENCE_K4_F500_S060,40680,40000.0,2,20.3395,0.4999999999999449,0,1,18,0.1195181907571288,500.0,500.0,39125.664693124665,11.987877295416954,7.402588563389122,67.30035902104893,90.0,7.443612119754196,3.834474059493836,9.724097559730346,92.78599999999938,130.5042995499999,129.8120700499999,187.5,582.509750429277,CORNER_SEQUENCE_K4,500,566
DOE_1120_CORNER_SEQUENCE_K1_F1000_S061,24886,40000.0,2,12.4425,0.5000000000000004,0,1,14,0.1953708912641646,1000.0,1000.0,40000.80000000253,19.841084439548723,13.661721908298206,90.0,90.53918056948392,9.242523880287122,5.104264224281856,12.446168811475957,92.78599999999938,146.14390850000012,145.96124100000011,187.5,616.4911803689134,CORNER_SEQUENCE_K1,1000,567
DOE_1121_CORNER_SEQUENCE_K2_F3000_S062,20363,40000.0,2,10.181,0.4999999999999449,0,1,21,0.2426950842213819,3000.0,3000.0,40000.80000000253,27.42329004831072,16.29500050906294,74.75380094190524,90.0,11.903324532775002,6.727389118121214,13.926724519307257,92.78599999999938,144.44355198000008,143.63721740000008,187.5,633.7259761223646,CORNER_SEQUENCE_K2,3000,568
DOE_1122_CORNER_SEQUENCE_K3_F5000_S063,26210,40000.0,2,13.1045,0.5000000000000004,0,1,42,0.1885539870278519,5000.0,5000.0,40000.32000000033,16.991303951876553,16.09568202602258,114.62748433032084,120.6017958827155,16.91462465740929,11.343696624159096,13.069070952407738,92.78599999999938,141.1589922,139.8283262,187.5,623.520477824298,CORNER_SEQUENCE_K3,5000,569
DOE_1123_CORNER_SEQUENCE_K4_F7500_S064,29510,40000.0,2,14.7545,0.500000000000056,0,1,90,0.167197560149102,7500.0,7500.0,39999.59999999874,16.565692396871842,11.62427310587597,66.32911343545396,79.26776833913738,27.560983557499707,13.496576139354769,12.939477886491472,100.93200000000024,140.69499704999998,137.86803204999998,187.5,613.7961053690087,CORNER_SEQUENCE_K4,7500,570
DOE_1124_CORNER_SEQUENCE_K1_F10000_S065,17154,40000.0,2,8.5765,0.4999999999999449,0,1,38,0.2876297073568847,10000.0,10000.0,40018.28401717852,33.49453736317712,23.624365866686187,90.0,93.7823900237307,42.08550440943032,18.52074756487792,17.55563967348451,136.28399999999806,147.86892255000006,150.56892255000005,187.5,630.2153497147649,CORNER_SEQUENCE_K1,10000,571
DOE_1125_CORNER_SEQUENCE_K2_F15000_S066,21347,40000.0,2,10.673,0.4999999999999449,0,1,91,0.2315079402257928,15000.0,15000.0,40000.80000000253,25.534705670290045,15.409636255713815,69.82083042406508,89.37238352394871,70.4768565300323,32.64801834051525,20.353596096302567,242.02000000000007,144.79862740000004,145.68633790000004,187.5,628.6325508272048,CORNER_SEQUENCE_K2,15000,572
DOE_1127_CORNER_SEQUENCE_K4_F1000_S068,34300,40000.0,2,17.1495,0.500000000000056,0,1,18,0.1438483965014577,1000.0,1000.0,39999.35999999935,19.46361333301265,13.295031811247595,67.28529109259162,90.0,8.388667278313655,4.545492319092631,10.625499413440004,92.78599999999938,133.90366650000024,132.66431500000024,187.5,605.5830871980646,CORNER_SEQUENCE_K4,1000,573
DOE_1129_CORNER_SEQUENCE_K2_F5000_S070,22718,40000.0,2,11.3585,0.5,0,1,36,0.2175367549960384,5000.0,5000.0,40000.80000000253,27.10662850863812,16.14510907347934,63.32267330232469,89.9380540402043,17.08373644792099,8.443318834605934,13.54372133576653,92.78599999999938,142.99617680499986,142.09764289999987,187.5,630.4065281332757,CORNER_SEQUENCE_K2,5000,574
DOE_1130_CORNER_SEQUENCE_K3_F7500_S071,25970,40000.0,2,12.9845,0.5000000000000004,0,1,60,0.1902964959568733,7500.0,7500.0,40000.32000000033,16.74972159708187,15.40593131532282,109.06680296708096,117.62117037531551,27.81554487649048,19.27217350385213,14.795605429286164,134.51799999999992,141.4774330000001,140.02797150000012,187.5,623.8113190285825,CORNER_SEQUENCE_K3,7500,575
DOE_1131_CORNER_SEQUENCE_K4_F10000_S072,29828,40000.0,2,14.9135,0.500000000000056,0,1,120,0.1654150462652541,10000.0,10000.0,39999.59999999874,16.258453872555137,11.60475107473033,65.79929622906405,77.26973516145897,41.00665624635659,19.69121668445529,14.385828213666324,135.76299999999986,140.46311254999995,137.55885754999994,187.5,613.0874344999155,CORNER_SEQUENCE_K4,10000,576
DOE_1132_CORNER_SEQUENCE_K1_F15000_S073,17034,40000.0,2,8.516499999999999,0.4999999999999449,0,1,54,0.2896559821533404,15000.0,15000.0,40018.284017181664,33.61179623009427,22.83654823009427,90.0,96.46485148365277,72.30020350014864,33.71605041060215,21.949951650797683,207.5010000000006,147.92647599999992,150.6264759999999,187.5,630.3355547806489,CORNER_SEQUENCE_K1,15000,577
DOE_1134_CORNER_SEQUENCE_K3_F1000_S075,24398,40000.0,2,12.1985,0.5000000000000004,0,1,12,0.2020657430936962,1000.0,1000.0,40000.80000000253,25.800846039188336,15.77761641511723,90.0,122.50646142023116,10.554387698370116,5.1500871324974185,12.58927714694306,92.78599999999938,142.5473123999999,143.0020913999999,187.5,624.8074139808583,CORNER_SEQUENCE_K3,1000,578
DOE_1136_CORNER_SEQUENCE_K1_F5000_S077,17506,40000.0,2,8.7525,0.4999999999999449,0,1,22,0.2818462241517194,5000.0,5000.0,40018.114311557016,33.248072324329954,23.246304440177656,90.0,91.6404446754362,17.97205947140618,8.895388350091402,15.366810333162883,94.3480000000001,146.32079715000003,145.87839725000003,187.5,636.0221529454408,CORNER_SEQUENCE_K1,5000,579
DOE_1137_CORNER_SEQUENCE_K2_F7500_S078,22487,40000.0,2,11.243,0.4999999999999449,0,1,51,0.219771423489127,7500.0,7500.0,40000.80000000253,26.71465593751536,15.959041113594086,64.82754931291201,89.74189971785164,27.717210958980782,12.742091195998816,14.44374783762506,137.93500000000236,143.31547571999997,142.25826589999997,187.5,630.5768442586889,CORNER_SEQUENCE_K2,7500,580
DOE_1138_CORNER_SEQUENCE_K3_F10000_S079,25850,40000.0,2,12.9245,0.5000000000000004,0,1,78,0.1911798839458414,10000.0,10000.0,40000.32000000033,16.508142759335648,14.716181324169192,103.0723678247929,113.6318054311061,42.00663466715118,29.61356531522979,17.836786114037896,179.22199999999933,141.71292009999985,140.12695259999987,187.5,623.8756058023009,CORNER_SEQUENCE_K3,10000,581
DOE_1139_CORNER_SEQUENCE_K4_F15000_S080,29298,40000.0,2,14.6485,0.500000000000056,0,1,174,0.1684073998225135,15000.0,15000.0,39999.59999999874,15.63732989109513,11.519953756661314,62.11433320695129,76.41062046575324,73.6259441772703,33.119071985618376,19.510969609215923,226.98200000000045,141.1379133999999,138.07192739999988,187.5,613.9706202477843,CORNER_SEQUENCE_K4,15000,582
DOE_1140_CORNER_SEQUENCE_K1_F500_S081,28422,40000.0,2,14.2105,0.5000000000000004,0,1,14,0.1689536274716768,500.0,500.0,39999.83999999984,9.920727206361184,6.830385061908356,90.0,90.53867137158043,9.609323003721824,3.5249390882252536,11.586034360344255,92.78599999999938,146.45176365000006,147.20176365000006,187.5,602.6770554116556,CORNER_SEQUENCE_K1,500,583
DOE_1141_CORNER_SEQUENCE_K2_F1000_S082,29518,40000.0,2,14.7585,0.500000000000056,0,1,16,0.1660004065316078,1000.0,1000.0,39999.59999999874,20.5488658896035,12.1650703478925,88.82308644597362,90.0,10.174400186140232,4.28638411289463,11.423963995399731,98.355999999999,140.4413479849998,141.3847916499998,187.5,610.4319990245707,CORNER_SEQUENCE_K2,1000,584
DOE_1142_CORNER_SEQUENCE_K3_F3000_S083,28954,40000.0,2,14.4765,0.500000000000056,0,1,30,0.1706845340885542,3000.0,3000.0,39999.59999999874,17.18675900528769,16.644432824458328,118.76537622426716,122.4370677096188,14.314257487492537,5.485616704107375,11.70568636795536,92.78599999999938,137.80728835000008,138.3590003500001,187.5,618.4119752692783,CORNER_SEQUENCE_K3,3000,585
DOE_1143_CORNER_SEQUENCE_K4_F5000_S084,28875,40000.0,2,14.437,0.5000000000000004,0,1,60,0.1708744588744588,5000.0,5000.0,39999.59999999874,16.866367980434436,11.6448525089781,66.76095839174435,83.56589594597357,16.656690270575055,8.387740410279571,12.11321523901542,92.78599999999938,139.61035889999985,138.29097889999986,187.5,616.9394862369041,CORNER_SEQUENCE_K4,5000,586
DOE_1144_CORNER_SEQUENCE_K1_F7500_S085,17274,40000.0,2,8.6365,0.4999999999999449,0,1,30,0.2856315850411022,7500.0,7500.0,40018.28401717683,33.3703191565446,23.82438071085909,90.0,92.64770732682454,28.373399725813293,13.0312493317721,16.288896125188227,141.61399999999702,146.59279195,145.99231795,187.5,636.0958196613326,CORNER_SEQUENCE_K1,7500,587
DOE_1146_CORNER_SEQUENCE_K3_F15000_S087,25730,40000.0,2,12.8645,0.5000000000000004,0,1,114,0.1920715118538671,15000.0,15000.0,40000.32000000033,16.02497976077832,13.33668313096934,89.76670488189973,101.4242922584216,77.67434179033337,57.328340764014655,26.974024131637265,268.9839999999997,142.08808979999995,140.22539479999995,187.5,623.7944792049661,CORNER_SEQUENCE_K3,15000,588
DOE_1147_CORNER_SEQUENCE_K4_F500_S088,40682,40000.0,2,20.3405,0.4999999999999449,0,1,18,0.1195123150287596,500.0,500.0,39124.80000000073,11.987004439029512,7.403090133428601,67.29392957622508,90.0,7.556365793721798,3.867904767934546,9.711106226584343,92.78599999999938,131.40055145000028,129.91121195000028,187.5,581.5418584276954,CORNER_SEQUENCE_K4,500,589
DOE_1148_CORNER_SEQUENCE_K1_F1000_S089,24882,40000.0,2,12.4405,0.5000000000000004,0,1,14,0.1954022988505747,1000.0,1000.0,40000.80000000253,19.84145441721472,13.660769425164414,90.0,90.53867266262954,11.568734178999176,4.073112387626838,12.412119297539872,120.19549999999946,146.9748745999999,148.4748745999999,187.5,613.0898723272842,CORNER_SEQUENCE_K1,1000,590
DOE_1149_CORNER_SEQUENCE_K2_F3000_S090,20366,40000.0,2,10.1825,0.4999999999999449,0,1,21,0.242659334184425,3000.0,3000.0,40000.80000000253,27.422661727825236,16.295359941572002,74.7547045025895,90.0,13.99289763428566,5.919143718759461,13.89471307322738,98.35899999999852,145.0598308499999,146.30139549999993,187.5,630.2861264183033,CORNER_SEQUENCE_K2,3000,591
DOE_1151_CORNER_SEQUENCE_K4_F7500_S092,29510,40000.0,2,14.7545,0.500000000000056,0,1,90,0.167197560149102,7500.0,7500.0,39999.59999999874,16.565839012513834,11.623978704532234,66.32852841699187,79.27144849125915,26.923805681576702,13.518206684944987,12.971460373853391,119.1110000000002,139.07526305,137.68553205,187.5,615.6276397093625,CORNER_SEQUENCE_K4,7500,592
DOE_1153_CORNER_SEQUENCE_K2_F15000_S094,21347,40000.0,2,10.673,0.4999999999999449,0,1,91,0.2315079402257928,15000.0,15000.0,40000.80000000253,25.53517601702805,15.409402618023517,69.81901688818365,89.37251599877686,72.56889166442303,31.61497884986967,20.598717876269063,275.4550000000009,144.58078240000003,143.02033790000004,187.5,631.6462605487466,CORNER_SEQUENCE_K2,15000,593
DOE_1154_CORNER_SEQUENCE_K3_F500_S095,27918,40000.0,2,13.9585,0.5000000000000004,0,1,12,0.1737230460634716,500.0,500.0,39999.83999999984,15.764141590629922,7.960283154056771,90.0,122.50418943211058,8.750166201474428,4.635848828631814,11.723856944037104,92.78599999999938,144.89851642499983,144.28714999999983,187.5,609.03572170867,CORNER_SEQUENCE_K3,500,594
DOE_1156_CORNER_SEQUENCE_K1_F3000_S097,20922,40000.0,2,10.4605,0.4999999999999449,0,1,18,0.235828314692668,3000.0,3000.0,40000.80000000253,33.14936304177733,23.35654004841227,90.0,90.92919764591834,15.118420483390604,5.439512548404092,13.684299299304149,126.12050000000076,145.77495530000004,148.47495530000003,187.5,625.8550222165322,CORNER_SEQUENCE_K1,3000,595
DOE_1157_CORNER_SEQUENCE_K2_F5000_S098,22718,40000.0,2,11.3585,0.5,0,1,36,0.2175367549960384,5000.0,5000.0,40000.80000000253,27.10602716897063,16.145446210584538,63.32413794944055,89.9381499305307,18.328514054493592,7.951314145365865,13.499132178272037,98.35899999999852,143.56349017499986,144.7636428999999,187.5,627.0379100045296,CORNER_SEQUENCE_K2,5000,596
DOE_1158_CORNER_SEQUENCE_K3_F7500_S099,25970,40000.0,2,12.9845,0.5000000000000004,0,1,60,0.1902964959568733,7500.0,7500.0,40000.32000000033,16.750181376572364,15.405332374087156,109.06518863097136,117.62324341925397,43.94745109178565,12.1933893996203,13.729040137788504,176.80599999999913,140.7782560000001,141.0019715000001,187.5,623.5235877635196,CORNER_SEQUENCE_K3,7500,597
DOE_1159_CORNER_SEQUENCE_K4_F10000_S100,29828,40000.0,2,14.9135,0.500000000000056,0,1,120,0.1654150462652541,10000.0,10000.0,39999.59999999874,16.25861017279292,11.604515965237225,65.79853268286176,77.26941638136459,39.21658299495002,20.032872313569808,14.506697201177008,153.54899999999992,138.84261104999996,137.37635754999997,187.5,614.9174214573974,CORNER_SEQUENCE_K4,10000,598
DOE_1160_ROUNDED_POCKET_CLEARING_STEP1P2_F15000_S001,15038,40000.0,2,7.5185,0.4999999999999449,0,1,122,0.3281686394467349,15000.0,15000.0,40018.284017181664,1.7061080818265362,1.550212920820433,36.11649633988154,78.87274129521072,92.15507016444433,44.50880139221216,27.73960146432572,440.89500000000027,148.80099479999996,150.80099479999996,187.325,633.1274607165266,ROUNDED_POCKET_CLEARING_STEP1P2,15000,599
DOE_1161_ROUNDED_POCKET_CLEARING_STEP2P0_F500_S002,31175,40000.0,2,15.587,0.500000000000056,0,1,23,0.1546110665597433,500.0,500.0,39999.59999999874,7.810249699590306,1.5705782747094457,56.203820257928285,90.0,9.358877970967542,3.525495380735649,11.072003967582518,95.94099999999985,142.76275459999985,143.76275459999985,187.5,599.0508820511311,ROUNDED_POCKET_CLEARING_STEP2P0,500,600
DOE_1162_ROUNDED_POCKET_CLEARING_STEP3P0_F1000_S003,28242,40000.0,2,14.1205,0.5000000000000004,0,1,30,0.1713051483605976,1000.0,1000.0,40000.32000000033,8.945446847169954,1.570074596200492,65.5460716259043,90.0,10.39715224862252,3.727098127579026,11.64133502938848,111.28000000000073,144.8013094,146.38030940000002,187.17177432,606.2915647207508,ROUNDED_POCKET_CLEARING_STEP3P0,1000,601
DOE_1163_ROUNDED_POCKET_CLEARING_STEP1P2_F3000_S004,25670,40000.0,2,12.8345,0.5000000000000004,0,1,95,0.1889754577327619,3000.0,3000.0,40000.80000000253,3.925423498836055,2.363133692982937,27.41378590192565,78.89915714477331,14.30604194678854,6.358347356681015,12.415355028615348,92.78599999999938,146.7653988000001,147.1603988000001,187.325,612.3131380319576,ROUNDED_POCKET_CLEARING_STEP1P2,3000,602
DOE_1164_ROUNDED_POCKET_CLEARING_STEP2P0_F5000_S005,16091,40000.0,2,8.045,0.4999999999999449,0,1,59,0.3034615623640544,5000.0,5000.0,40018.284017181664,3.886964888028095,3.329712263262413,49.30854712786558,90.83881690228196,25.84853778909428,11.729650598918337,16.25269074794351,127.0509999999998,151.01710799999998,152.227608,187.325,627.4771902583785,ROUNDED_POCKET_CLEARING_STEP2P0,5000,603
DOE_1165_ROUNDED_POCKET_CLEARING_STEP3P0_F7500_S006,19590,40000.0,2,9.7945,0.4999999999999449,0,1,95,0.2510464522715671,7500.0,7500.0,40007.999999999694,4.000361586378144,3.5212462052105717,40.26624014263054,93.12111140289343,41.49923338706383,20.80649190418035,16.100304486231543,186.7530000000013,147.15773490000004,149.26273490000003,187.15,627.4103624761439,ROUNDED_POCKET_CLEARING_STEP3P0,7500,604
DOE_1166_ROUNDED_POCKET_CLEARING_STEP1P2_F10000_S007,22093,40000.0,2,11.046,0.4999999999999449,0,1,140,0.2231928665188068,10000.0,10000.0,40000.80000000253,6.202080805396536,2.316235425729154,32.05344584971552,82.14044423868845,59.58524988048153,30.24807565480593,18.765372962201923,237.19799999999933,145.01092879999987,146.01092879999987,187.325,626.2611582522974,ROUNDED_POCKET_CLEARING_STEP1P2,10000,605
DOE_1167_ROUNDED_POCKET_CLEARING_STEP2P0_F15000_S008,24544,40000.0,2,12.2715,0.5000000000000004,0,1,239,0.2011489569752281,15000.0,15000.0,40000.80000000253,6.21974919368256,2.7761026682852545,37.61176047007472,78.93922885032515,110.75391030432434,54.03483150261622,23.201467635950056,452.6756000000001,142.73783119999996,144.23783119999996,186.975,623.5862064348742,ROUNDED_POCKET_CLEARING_STEP2P0,15000,606
DOE_1168_ROUNDED_POCKET_CLEARING_STEP3P0_F500_S009,33244,40000.0,2,16.6215,0.500000000000056,0,1,23,0.1451088918301046,500.0,500.0,39999.59999999874,6.243866818133672,3.511367688334281,48.26166867992269,90.0,8.333497884594784,3.785269738100256,10.735169772172604,92.78599999999938,140.06824774999998,140.56824774999998,187.5,596.1773015999879,ROUNDED_POCKET_CLEARING_STEP3P0,500,607
DOE_1169_ROUNDED_POCKET_CLEARING_STEP1P2_F1000_S010,26592,40000.0,2,13.2955,0.5000000000000004,0,1,42,0.1803925992779783,1000.0,1000.0,40000.80000000253,4.476513986907844,2.075002382076632,51.162586405037,90.0,9.005330437261502,4.18506017329774,12.001534726843868,92.78599999999938,147.25985135,147.83885135,187.331328665,607.9983423279768,ROUNDED_POCKET_CLEARING_STEP1P2,1000,608
DOE_1170_ROUNDED_POCKET_CLEARING_STEP2P0_F3000_S011,22856,40000.0,2,11.4275,0.5000000000000004,0,1,78,0.2113230661533076,3000.0,3000.0,40000.80000000253,5.611218603381287,2.2300223265989816,54.688222906447415,69.26588068400291,14.17830160670091,6.30708721126273,13.12709633074126,92.78599999999938,148.40516275000004,149.80016275000006,187.15,616.9253778650818,ROUNDED_POCKET_CLEARING_STEP2P0,3000,609
DOE_1171_ROUNDED_POCKET_CLEARING_STEP3P0_F5000_S012,26402,40000.0,2,13.2005,0.5000000000000004,0,1,122,0.1843042193773199,5000.0,5000.0,40000.80000000253,6.537570020952185,2.7146971329996195,42.99241554876597,79.15612114182619,23.82915716575618,11.090706865831566,12.924160269744986,110.84400000000016,143.8949788999998,146.10547889999984,186.818249525,614.5468495158085,ROUNDED_POCKET_CLEARING_STEP3P0,5000,610
DOE_1172_ROUNDED_POCKET_CLEARING_STEP1P2_F7500_S013,15239,40000.0,2,7.619000000000001,0.4999999999999449,0,1,77,0.3223308616050922,7500.0,7500.0,40018.284017181664,1.6260684125620344,1.515863267662162,26.61567759200633,89.58529504119001,39.22006346997066,19.915378484975623,18.984581022005653,126.19700000000034,150.29899379999998,151.40399379999997,187.5,630.3510294913629,ROUNDED_POCKET_CLEARING_STEP1P2,7500,611
DOE_1173_ROUNDED_POCKET_CLEARING_STEP2P0_F10000_S014,18467,40000.0,2,9.233,0.4999999999999449,0,1,104,0.2677749499106514,10000.0,10000.0,40016.58696090627,2.7112380565065406,1.469335883463048,23.61900411316932,90.0,53.69442109590333,26.956427635003596,19.61876369199337,250.6340000000016,146.70239180000002,148.70239180000002,187.325,630.8293314495813,ROUNDED_POCKET_CLEARING_STEP2P0,10000,612
DOE_1174_ROUNDED_POCKET_CLEARING_STEP3P0_F15000_S015,21984,40000.0,2,10.9915,0.4999999999999449,0,1,194,0.225254730713246,15000.0,15000.0,40005.85118042055,4.066855334108046,1.5072228890050037,32.6332479325716,86.3552798427385,96.75054909997358,49.437410842709845,26.62147560447748,413.76800000000014,144.0842899999999,146.5842899999999,186.83420551,627.6074981711454,ROUNDED_POCKET_CLEARING_STEP3P0,15000,613
DOE_1175_ROUNDED_POCKET_CLEARING_STEP1P2_F500_S016,33128,40000.0,2,16.5635,0.500000000000056,0,1,23,0.1454962569427674,500.0,500.0,39999.59999999874,6.599849209917812,3.908797687461232,49.62456613882452,90.0,8.23405722347841,3.831459996152113,10.754674166714556,92.78599999999938,141.19457400000036,140.69457400000036,187.5,595.4365786684025,ROUNDED_POCKET_CLEARING_STEP1P2,500,614
DOE_1176_ROUNDED_POCKET_CLEARING_STEP2P0_F1000_S017,20434,40000.0,2,10.2165,0.4999999999999449,0,1,23,0.2365665068023881,1000.0,1000.0,40000.80000000253,6.263223458231751,3.8887276231747614,53.881489739870986,90.0,11.010787211653255,4.837650637643874,13.704522740600591,92.78599999999938,151.2614802999999,151.3404802999999,187.5,618.4672254365804,ROUNDED_POCKET_CLEARING_STEP2P0,1000,615
DOE_1177_ROUNDED_POCKET_CLEARING_STEP3P0_F3000_S018,20148,40000.0,2,10.0735,0.4999999999999449,0,1,59,0.2416617033948779,3000.0,3000.0,40003.919999999765,3.927935297711337,3.361245147297641,57.55983420396775,83.14865225453794,15.33578759761886,6.300759589094746,13.972788882724393,99.2146999999992,149.67145554999993,150.56645554999994,187.325,621.8546436896144,ROUNDED_POCKET_CLEARING_STEP3P0,3000,616
DOE_1178_ROUNDED_POCKET_CLEARING_STEP1P2_F5000_S019,21745,40000.0,2,10.872,0.4999999999999449,0,1,113,0.2236376178431823,5000.0,5000.0,40003.19999999988,5.937309973535148,2.057980480540471,29.85296607015249,75.67102701550574,23.69014396144092,11.692229978363788,14.114892638410858,109.3403999999998,148.40155760000007,149.6120576000001,187.325,619.9978235591034,ROUNDED_POCKET_CLEARING_STEP1P2,5000,617
DOE_1179_ROUNDED_POCKET_CLEARING_STEP2P0_F7500_S020,25361,40000.0,2,12.68,0.5000000000000004,0,1,149,0.1932494775442608,7500.0,7500.0,40000.80000000253,6.242246064502022,2.650235708689805,34.87673972488447,85.16257961056708,41.50083797087196,20.482750586163245,14.479421128425562,178.50600000000048,143.6735200000001,145.7785200000001,187.0035192,618.3551528392907,ROUNDED_POCKET_CLEARING_STEP2P0,7500,618
DOE_1180_ROUNDED_POCKET_CLEARING_STEP3P0_F10000_S021,16504,40000.0,2,8.2515,0.4999999999999449,0,1,86,0.2988366456616578,10000.0,10000.0,40018.284017181664,6.207790624419195,3.7883147723028343,42.19273061064976,90.32576728853049,56.99245100324095,28.130517208349936,19.39539094198061,267.0019999999997,147.17394979999997,150.17394979999997,187.171749935,633.0752856032084,ROUNDED_POCKET_CLEARING_STEP3P0,10000,619
DOE_1181_ROUNDED_POCKET_CLEARING_STEP1P2_F15000_S022,18293,40000.0,2,9.146,0.4999999999999449,0,1,185,0.2687913409500902,15000.0,15000.0,40016.586960911096,8.854919334792987,1.7110579733166749,36.52049655962782,75.32441701985003,112.52380707411274,55.44784687013372,27.810981954761296,439.3206000000003,147.3003283999999,148.7946341999999,187.325,630.4911466596034,ROUNDED_POCKET_CLEARING_STEP1P2,15000,620
DOE_1182_ROUNDED_POCKET_CLEARING_STEP2P0_F500_S023,31428,40000.0,2,15.7135,0.500000000000056,0,1,24,0.1527936871579483,500.0,500.0,39999.59999999874,5.332931325332176,2.6659043371611864,48.439982737582696,90.0,8.060530661952816,3.884341917211249,11.034279647472534,92.78599999999938,142.50157654999995,143.00157654999995,187.5,599.027348976058,ROUNDED_POCKET_CLEARING_STEP2P0,500,621
DOE_1183_ROUNDED_POCKET_CLEARING_STEP3P0_F1000_S024,30376,40000.0,2,15.1875,0.500000000000056,0,1,42,0.1584474585198841,1000.0,1000.0,39999.59999999874,6.631330412987744,2.3780973264787457,50.30958627498159,90.0,8.624804022140156,4.005287071019979,11.236064386134174,92.78599999999938,142.7568775,143.8358775,187.325,602.4692759959632,ROUNDED_POCKET_CLEARING_STEP3P0,1000,622
DOE_1184_ROUNDED_POCKET_CLEARING_STEP1P2_F3000_S025,17086,40000.0,2,8.542499999999999,0.4999999999999449,0,1,50,0.2846775137539506,3000.0,3000.0,40018.284017181664,6.630844186526728,1.5442763150559338,71.81510010596759,90.31316025247648,17.115854152559567,8.173857933775624,15.231557171129726,96.45300000000034,152.32262000000006,152.21762000000007,187.5,623.9940808256721,ROUNDED_POCKET_CLEARING_STEP1P2,3000,623
DOE_1185_ROUNDED_POCKET_CLEARING_STEP2P0_F5000_S026,19483,40000.0,2,9.741,0.4999999999999449,0,1,77,0.2512446748447364,5000.0,5000.0,40004.400000000256,3.981964084352012,1.5220240638993348,30.437503367914857,91.4290570064675,25.61358396103717,12.86405452403202,15.057801859458872,112.51199999999884,149.2982842,150.00878420000004,187.325,624.4277521017174,ROUNDED_POCKET_CLEARING_STEP2P0,5000,624
DOE_1186_ROUNDED_POCKET_CLEARING_STEP3P0_F7500_S027,21866,40000.0,2,10.9325,0.4999999999999449,0,1,104,0.2254641909814323,7500.0,7500.0,40005.59999999979,5.22447749177819,1.4806438746004869,27.45647468315558,93.60309043875591,39.04197796298808,20.142481212218712,16.521283511093067,192.86100000000064,145.7422029999999,147.3472029999999,187.15,624.9897578797923,ROUNDED_POCKET_CLEARING_STEP3P0,7500,625
DOE_1187_ROUNDED_POCKET_CLEARING_STEP1P2_F10000_S028,24812,40000.0,2,12.4055,0.5000000000000004,0,1,176,0.1986538771562147,10000.0,10000.0,40000.80000000253,3.896283663028915,1.6192803133117435,34.98802681626543,82.21593557552349,60.8880647318388,30.77095605879609,17.1708099815602,244.7935000000001,143.02971259999995,145.02971259999995,187.325,621.1333945447698,ROUNDED_POCKET_CLEARING_STEP1P2,10000,626
DOE_1188_ROUNDED_POCKET_CLEARING_STEP2P0_F15000_S029,15160,40000.0,2,7.5795,0.4999999999999449,0,1,122,0.3254617414248021,15000.0,15000.0,40018.284017181664,3.865409437409531,2.776102667962856,36.64515626697595,79.49319002260236,101.40161882153362,49.26003590349624,28.665132096323013,423.3130000000003,148.25201645,150.75201645,187.17660653,633.7515624880733,ROUNDED_POCKET_CLEARING_STEP2P0,15000,627
DOE_1189_ROUNDED_POCKET_CLEARING_STEP3P0_F500_S030,35025,40000.0,2,17.512,0.5000000000000004,0,1,22,0.1375303354746609,500.0,500.0,39999.30945625517,5.000216565841132,3.9270703316818394,49.61601881357837,90.0,8.678565347541547,3.345560049667321,10.44530294242847,92.78599999999938,138.08809160000024,139.58809160000024,187.33158452,591.5244768651049,ROUNDED_POCKET_CLEARING_STEP3P0,500,628
DOE_1190_ROUNDED_POCKET_CLEARING_STEP1P2_F1000_S031,27931,40000.0,2,13.965,0.5000000000000004,0,1,41,0.1723174966882675,1000.0,1000.0,40000.32000000033,5.264090249154137,2.715824604470213,50.62303175030372,90.0,8.921349933292912,4.173848075342501,11.717769096023597,92.78599999999938,146.08438500000003,146.16338500000006,187.331194,606.1303047780143,ROUNDED_POCKET_CLEARING_STEP1P2,1000,629
DOE_1191_ROUNDED_POCKET_CLEARING_STEP2P0_F3000_S032,25852,40000.0,2,12.9255,0.5000000000000004,0,1,86,0.1875290112950642,3000.0,3000.0,40000.80000000253,6.279867093351813,2.9117176439120205,52.254933916109735,67.02078535276618,13.734865692607254,5.85077731056428,12.35045764266044,92.78599999999938,146.1163073999998,147.01130739999982,187.15,612.7626320899578,ROUNDED_POCKET_CLEARING_STEP2P0,3000,630
DOE_1193_ROUNDED_POCKET_CLEARING_STEP1P2_F7500_S034,18683,40000.0,2,9.341,0.4999999999999449,0,1,104,0.2620028903281057,7500.0,7500.0,40016.58696090627,8.997862138283164,2.6423117417264623,30.225914657881813,71.46861803791009,34.719505472053285,16.77755518778957,16.10760710600717,180.8120000000004,148.6652817,149.2702817,187.325,627.7019680612426,ROUNDED_POCKET_CLEARING_STEP1P2,7500,631
DOE_1194_ROUNDED_POCKET_CLEARING_STEP2P0_F10000_S035,21678,40000.0,2,10.8385,0.4999999999999449,0,1,140,0.2273272442107205,10000.0,10000.0,40006.80000000017,9.396661980347464,2.7112375567643223,32.05613469624712,76.72294248687642,53.8243570791266,27.25831112463373,17.254986156330897,231.34699999999955,144.78782629999998,146.28782629999998,187.17387009,627.5627528199109,ROUNDED_POCKET_CLEARING_STEP2P0,10000,632
DOE_1195_ROUNDED_POCKET_CLEARING_STEP3P0_F15000_S036,25008,40000.0,2,12.5035,0.5000000000000004,0,1,239,0.1973368522072936,15000.0,15000.0,40000.80000000253,9.283348539436604,3.258059477854512,36.41755804605357,80.35134577043951,112.66414055703056,58.256153138122855,27.49609743850181,430.2729999999997,141.87571125000002,143.87571125000002,186.659428345,623.7890298954253,ROUNDED_POCKET_CLEARING_STEP3P0,15000,633
DOE_1196_ROUNDED_POCKET_CLEARING_STEP1P2_F500_S037,30512,40000.0,2,15.2555,0.500000000000056,0,1,23,0.1577084425799685,500.0,500.0,39999.59999999874,7.071067811865476,1.5705782747056516,56.19565811565527,90.0,9.146823371939693,3.614121349892501,11.192384467367852,92.78599999999938,143.93663399999994,144.43663399999994,187.5,599.8951634960891,ROUNDED_POCKET_CLEARING_STEP1P2,500,634
DOE_1197_ROUNDED_POCKET_CLEARING_STEP2P0_F1000_S038,25553,40000.0,2,12.776,0.5000000000000004,0,1,32,0.1889797675419716,1000.0,1000.0,40000.80000000253,6.77230347306983,1.5699808977633778,65.54578593905578,90.0,10.713609308291646,3.9874762848986394,12.241306727743076,101.70199999999952,147.62353839999997,148.70253839999998,187.3450439,610.2354219504911,ROUNDED_POCKET_CLEARING_STEP2P0,1000,635
DOE_1198_ROUNDED_POCKET_CLEARING_STEP3P0_F3000_S039,24595,40000.0,2,12.297,0.5000000000000004,0,1,68,0.1979670664769262,3000.0,3000.0,40000.80000000253,5.337361491322695,1.5195705169215945,29.21474170163168,91.74412457720172,17.245660093403217,6.963874378081164,12.710624699331326,118.33099999999952,146.6194796000001,148.5144796000001,187.00148436,615.0169044181346,ROUNDED_POCKET_CLEARING_STEP3P0,3000,636
DOE_1199_ROUNDED_POCKET_CLEARING_STEP1P2_F5000_S040,27086,40000.0,2,13.5425,0.5000000000000004,0,1,140,0.1800930369932806,5000.0,5000.0,40000.80000000253,3.885607232140656,1.8963705456753424,28.326378742379305,87.71214385683803,27.580840080695783,13.513283141099024,13.049284585717295,114.50099999999976,144.3083740000001,145.01887400000012,187.177582725,612.3380191818308,ROUNDED_POCKET_CLEARING_STEP1P2,5000,637
DOE_1200_ROUNDED_POCKET_CLEARING_STEP2P0_F7500_S041,15372,40000.0,2,7.6855,0.4999999999999449,0,1,68,0.3194769711163154,7500.0,7500.0,40018.284017181664,3.975864153026894,3.273422248075548,33.90973621503158,91.12278557962452,39.272204333270935,19.616732689421266,17.67966738594176,172.15700000000032,149.74453624999995,151.34953624999994,187.325,630.9976254889795,ROUNDED_POCKET_CLEARING_STEP2P0,7500,638
DOE_1201_ROUNDED_POCKET_CLEARING_STEP3P0_F10000_S042,18384,40000.0,2,9.1915,0.4999999999999449,0,1,104,0.2689295039164491,10000.0,10000.0,40016.586960911096,4.021315036517368,2.879857995613869,30.950388871892866,94.92557145678065,57.13835764289876,28.94673736648021,18.352945196364654,247.02800000000025,146.2465404499999,148.7465404499999,187.176130345,631.6481337449367,ROUNDED_POCKET_CLEARING_STEP3P0,10000,639
DOE_1202_ROUNDED_POCKET_CLEARING_STEP1P2_F15000_S043,22142,40000.0,2,11.0705,0.4999999999999449,0,1,221,0.2227441062234667,15000.0,15000.0,40000.80000000253,6.2111949814001495,1.7396435957119272,35.897647792030625,77.35138131466121,112.37628793691586,52.578979122122206,23.55470553313925,417.668,144.97775635,145.97775635,187.15,626.4300922435317,ROUNDED_POCKET_CLEARING_STEP1P2,15000,640
DOE_1203_ROUNDED_POCKET_CLEARING_STEP2P0_F500_S044,32719,40000.0,2,16.359,0.500000000000056,0,1,23,0.1472538891775421,500.0,500.0,39999.59999999874,5.999981314442409,3.3341175496225604,48.18322850915601,90.0,8.171206784305785,3.8790319132806,10.82166215293515,92.78599999999938,141.13708859999997,141.13708859999997,187.5,596.8096649276669,ROUNDED_POCKET_CLEARING_STEP2P0,500,641
DOE_1204_ROUNDED_POCKET_CLEARING_STEP3P0_F1000_S045,20110,40000.0,2,10.0545,0.4999999999999449,0,1,23,0.2401790154152163,1000.0,1000.0,40000.80000000253,6.282963374172102,3.6783075642863023,50.72724550596188,90.0,10.942694818830228,4.929564602437498,13.81564962716242,92.78599999999938,150.95723085,151.53623085,187.5,619.3842946612866,ROUNDED_POCKET_CLEARING_STEP3P0,1000,642
DOE_1205_ROUNDED_POCKET_CLEARING_STEP1P2_F3000_S046,19788,40000.0,2,9.8935,0.4999999999999449,0,1,69,0.2437335759045886,3000.0,3000.0,40004.11800000012,6.025345841232443,2.5096110124078224,43.20447675911411,67.00290814147029,13.916717118132077,6.350172120013155,14.076688788148466,92.78599999999938,150.88465745000005,151.77965745000006,187.325,620.2331326218574,ROUNDED_POCKET_CLEARING_STEP1P2,3000,643
DOE_1206_ROUNDED_POCKET_CLEARING_STEP2P0_F5000_S047,21899,40000.0,2,10.949,0.4999999999999449,0,1,104,0.2218366135439974,5000.0,5000.0,40003.87199999852,6.684722142771248,2.105707253182052,35.611353008918506,77.51727679626765,22.699683555641617,10.849373930213876,13.961738572246055,110.88150000000051,147.79924060000005,149.50973160000007,187.15,620.5441725963005,ROUNDED_POCKET_CLEARING_STEP2P0,5000,644
DOE_1207_ROUNDED_POCKET_CLEARING_STEP3P0_F7500_S048,24971,40000.0,2,12.485,0.5000000000000004,0,1,131,0.1960674382283448,7500.0,7500.0,40000.80000000253,9.029387608476984,3.804239130860203,28.81616813547451,77.0630133158448,37.68848117092308,16.60175992256586,14.14859333551625,168.0729999999997,143.48387199999993,146.08887199999992,186.8,619.7886694575844,ROUNDED_POCKET_CLEARING_STEP3P0,7500,645
DOE_1208_ROUNDED_POCKET_CLEARING_STEP1P2_F10000_S049,15502,40000.0,2,7.750500000000001,0.4999999999999449,0,1,86,0.3185395432847374,10000.0,10000.0,40018.284017181664,1.6187720894622593,1.5369130896531824,24.99216241186768,84.49983860063485,51.72733784530814,26.40733689896653,21.16285043214412,161.0409999999991,148.61167085,150.11167085,187.5,633.0167856046394,ROUNDED_POCKET_CLEARING_STEP1P2,10000,646
DOE_1209_ROUNDED_POCKET_CLEARING_STEP2P0_F15000_S050,18420,40000.0,2,9.2095,0.4999999999999449,0,1,158,0.2685124864277958,15000.0,15000.0,40016.586960911096,2.7761026679856164,1.5256841931858554,35.7283709597435,79.46857040185888,95.44059110768426,47.13795088248247,27.35323680078246,435.3910000000001,146.72742870000008,148.72742870000008,187.15,631.1176563279694,ROUNDED_POCKET_CLEARING_STEP2P0,15000,647
DOE_1210_ROUNDED_POCKET_CLEARING_STEP3P0_F500_S051,33451,40000.0,2,16.725,0.500000000000056,0,1,23,0.1445696690681893,500.0,500.0,39999.59999999874,7.999774059910607,1.5705782714477428,56.203820257928285,90.0,9.20436899830004,3.47719528067152,10.693455931186309,102.0443000000002,139.84195,140.84195,187.5,595.2345771529239,ROUNDED_POCKET_CLEARING_STEP3P0,500,648
DOE_1211_ROUNDED_POCKET_CLEARING_STEP1P2_F1000_S052,34161,40000.0,2,17.080000000000002,0.500000000000056,0,1,50,0.1413600304440736,1000.0,1000.0,39999.59999999874,3.92729454152536,2.8010134411668077,53.860143216665,89.36363068352071,8.391118729057078,3.837528342738884,10.601396119705209,92.78599999999938,139.74170600000016,139.32070600000017,187.3375659,593.9671990779889,ROUNDED_POCKET_CLEARING_STEP1P2,1000,649
DOE_1213_ROUNDED_POCKET_CLEARING_STEP3P0_F5000_S054,19118,40000.0,2,9.5585,0.4999999999999449,0,1,68,0.2559891202008578,5000.0,5000.0,40015.14446307629,5.49799454872183,3.7832215106072575,33.47613917154552,91.51254964011454,26.317662760568197,11.396421716843829,14.980903242932031,127.28099999999998,149.0048774499999,150.21537744999992,187.17219311,625.5832881892957,ROUNDED_POCKET_CLEARING_STEP3P0,5000,650
DOE_1214_ROUNDED_POCKET_CLEARING_STEP1P2_F7500_S055,21658,40000.0,2,10.8285,0.4999999999999449,0,1,131,0.2259211376858435,7500.0,7500.0,40003.19999999988,6.242164273006356,1.9060283415973136,30.660368643495424,80.35447187349682,39.83264938484456,20.305327179089453,15.636750299426897,172.26859999999976,146.87998830000004,148.48498830000003,187.325,622.967437566259,ROUNDED_POCKET_CLEARING_STEP1P2,7500,651
DOE_1215_ROUNDED_POCKET_CLEARING_STEP2P0_F10000_S056,24639,40000.0,2,12.319,0.5000000000000004,0,1,167,0.1999269450870571,10000.0,10000.0,40000.80000000253,6.206067284652044,2.7112375565570788,35.51196671978074,84.09823940273537,61.1078570899509,32.821415754071765,18.731849690537903,247.8040000000004,142.66437529999993,145.16437529999993,187.15,622.1697231649205,ROUNDED_POCKET_CLEARING_STEP2P0,10000,652
DOE_1217_ROUNDED_POCKET_CLEARING_STEP1P2_F500_S058,30620,40000.0,2,15.3095,0.500000000000056,0,1,24,0.1567602873938602,500.0,500.0,39999.59999999874,5.026634422237253,3.199870265082888,48.43708330808119,90.0,8.104362635937912,3.963299233045369,11.177914617170655,92.78599999999938,143.82791950000015,143.82791950000015,187.5,600.1768436832499,ROUNDED_POCKET_CLEARING_STEP1P2,500,653
DOE_1218_ROUNDED_POCKET_CLEARING_STEP2P0_F1000_S059,25226,40000.0,2,12.6125,0.5000000000000004,0,1,33,0.1906366447316261,1000.0,1000.0,40000.80000000253,6.631756774173882,2.981413210657387,50.26800823034829,90.36691017635512,9.242592628362129,4.427122889560743,12.328586506882756,92.78599999999938,147.8866325,148.4656325,187.3300335,611.2964891933086,ROUNDED_POCKET_CLEARING_STEP2P0,1000,654
DOE_1219_ROUNDED_POCKET_CLEARING_STEP3P0_F3000_S060,25723,40000.0,2,12.861,0.5000000000000004,0,1,78,0.1883528359833612,3000.0,3000.0,40000.80000000253,5.616529871566241,3.363332948634095,55.70071298509171,72.48152174056467,13.439788909005156,5.706819960911793,12.363629159177734,92.78599999999938,145.7221263999999,147.1171263999999,186.975,613.7316977830097,ROUNDED_POCKET_CLEARING_STEP3P0,3000,655
DOE_1220_ROUNDED_POCKET_CLEARING_STEP1P2_F5000_S061,15449,40000.0,2,7.724,0.4999999999999449,0,1,59,0.3165253414460482,5000.0,5000.0,40018.284017181664,7.614942823594873,1.5444788282436694,44.75144954142644,90.81957419772688,25.360741994672814,12.461734628371945,16.6346937304816,103.00200000000004,151.7916804,152.0021804,187.5,627.8091022382122,ROUNDED_POCKET_CLEARING_STEP1P2,5000,656
DOE_1221_ROUNDED_POCKET_CLEARING_STEP2P0_F7500_S062,19312,40000.0,2,9.6555,0.4999999999999449,0,1,95,0.2549192212096106,7500.0,7500.0,40004.93999999937,2.673587819799565,1.4855577209101225,26.52754988310353,90.0,39.48314462195678,19.836440484624102,17.048227881795842,163.30999999999918,147.8167409,148.92174089999995,187.325,627.4983913240181,ROUNDED_POCKET_CLEARING_STEP2P0,7500,657
DOE_1222_ROUNDED_POCKET_CLEARING_STEP3P0_F10000_S063,21920,40000.0,2,10.9595,0.4999999999999449,0,1,122,0.2260036496350365,10000.0,10000.0,40003.22399999982,4.0213159597146255,1.4658546568737278,27.276141707029428,90.31242824782969,53.53796686240856,27.368478111353205,18.47852522435886,252.2850000000005,144.1271700000001,146.1271700000001,187.15,627.7836241394573,ROUNDED_POCKET_CLEARING_STEP3P0,10000,658
DOE_1223_ROUNDED_POCKET_CLEARING_STEP1P2_F15000_S064,24510,40000.0,2,12.2545,0.5000000000000004,0,1,257,0.2011423908608731,15000.0,15000.0,40000.80000000253,3.86540939809563,1.714544169994903,36.74377340275001,77.80490415048912,114.23129452208454,55.60057811554571,29.240098306643016,491.82060000000047,143.26406559999998,145.26406559999998,187.15,621.8561375279082,ROUNDED_POCKET_CLEARING_STEP1P2,15000,659
DOE_1224_ROUNDED_POCKET_CLEARING_STEP2P0_F500_S065,30056,40000.0,2,15.0275,0.500000000000056,0,1,23,0.1599680596220388,500.0,500.0,39999.59999999874,4.999849209917812,2.5632254609175305,49.661033456288976,90.0,9.056576385596426,3.6674302111298553,11.277249145251394,92.78599999999938,143.89074950000008,144.89074950000008,187.5,601.3036007553707,ROUNDED_POCKET_CLEARING_STEP2P0,500,660
DOE_1225_ROUNDED_POCKET_CLEARING_STEP3P0_F1000_S066,27308,40000.0,2,13.6535,0.5000000000000004,0,1,30,0.17679800790977,1000.0,1000.0,40000.80000000253,5.947355050264478,3.9272826437353374,53.86293180421934,90.0,10.01139732235853,3.8255407252665754,11.839006074135725,95.10400000000008,145.64005055,147.21905055000002,187.159465255,608.0004161107266,ROUNDED_POCKET_CLEARING_STEP3P0,1000,661
DOE_1226_ROUNDED_POCKET_CLEARING_STEP1P2_F3000_S067,22200,40000.0,2,11.0995,0.4999999999999449,0,1,77,0.2181531531531531,3000.0,3000.0,40000.80000000253,6.245277060514261,2.753807146912886,44.2630141439958,66.21086281365402,13.463196310406584,6.055816084786835,13.306110717434477,92.78599999999938,149.35945264999987,149.75445264999988,187.325,617.6120091180106,ROUNDED_POCKET_CLEARING_STEP1P2,3000,662
DOE_1227_ROUNDED_POCKET_CLEARING_STEP2P0_F5000_S068,26575,40000.0,2,13.287,0.5000000000000004,0,1,122,0.1834430856067732,5000.0,5000.0,40000.80000000253,6.269755662242218,2.790445387644565,27.58821972404111,78.9006966076395,23.832837930201773,10.314589630656837,12.688337324780855,114.89999999999957,144.24830389999985,145.45880389999988,186.99961692,613.9908514284515,ROUNDED_POCKET_CLEARING_STEP2P0,5000,663
DOE_1229_ROUNDED_POCKET_CLEARING_STEP1P2_F10000_S070,19142,40000.0,2,9.5705,0.4999999999999449,0,1,122,0.2571831574548114,10000.0,10000.0,40014.88990463571,9.393468860854444,2.427696355489016,32.926823412907254,73.03589047261657,52.16838171756851,25.54081141595782,17.659959714115796,232.7946000000001,146.83343385,147.83343385,187.325,630.0543169818445,ROUNDED_POCKET_CLEARING_STEP1P2,10000,664
DOE_1230_ROUNDED_POCKET_CLEARING_STEP2P0_F15000_S071,21927,40000.0,2,10.963,0.4999999999999449,0,1,212,0.2247913531262826,15000.0,15000.0,40005.806854463495,9.281377708324634,2.7761026679679963,38.47026144926491,76.85140205141576,111.82427372522316,55.83973329890932,26.94343183140395,452.4030000000004,144.6224800000001,146.1224800000001,186.975,627.4891715645805,ROUNDED_POCKET_CLEARING_STEP2P0,15000,665
DOE_1231_ROUNDED_POCKET_CLEARING_STEP3P0_F500_S072,33217,40000.0,2,16.608,0.500000000000056,0,1,24,0.144925791010627,500.0,500.0,39999.59999999874,5.6659454396940845,2.7992642833092427,47.94378185864688,90.0,7.941954558402042,3.898193446212692,10.740033195285204,92.78599999999938,140.0976979999996,140.5976979999996,187.5,596.2357205260288,ROUNDED_POCKET_CLEARING_STEP3P0,500,666
DOE_1232_ROUNDED_POCKET_CLEARING_STEP1P2_F1000_S073,18790,40000.0,2,9.3945,0.4999999999999449,0,1,23,0.2566258648217137,1000.0,1000.0,40016.58696090627,7.853922597658068,1.5700217596006747,65.44339767737867,90.0,11.933931117571516,4.681601714902886,14.276264243711296,92.78599999999938,152.71209840000003,153.29109840000004,187.5,618.8801117013555,ROUNDED_POCKET_CLEARING_STEP1P2,1000,667
DOE_1233_ROUNDED_POCKET_CLEARING_STEP2P0_F3000_S074,19430,40000.0,2,9.7145,0.4999999999999449,0,1,59,0.2500772002058672,3000.0,3000.0,40004.400000000256,4.558669555015209,1.5308607181076794,46.55193270467436,90.55736258752772,17.643890816734192,7.765412804407816,14.28715516580335,113.53200000000108,150.59159489999996,151.98659489999997,187.325,621.1762223435704,ROUNDED_POCKET_CLEARING_STEP2P0,3000,668
DOE_1234_ROUNDED_POCKET_CLEARING_STEP3P0_F5000_S075,23393,40000.0,2,11.696,0.5000000000000004,0,1,95,0.2091651348694053,5000.0,5000.0,40000.80000000253,4.033877521531507,1.515775525311375,35.195278441554905,92.7274573637075,26.93167154249541,12.563805109200718,13.819211079847252,126.13599999999892,146.25780719999986,148.46830719999988,187.00342406,619.1222442251186,ROUNDED_POCKET_CLEARING_STEP3P0,5000,669
DOE_1235_ROUNDED_POCKET_CLEARING_STEP1P2_F7500_S076,25047,40000.0,2,12.523,0.5000000000000004,0,1,158,0.1959116860302631,7500.0,7500.0,40000.80000000253,3.902017212090936,1.6259918915138991,29.189185789009382,84.40003554594733,44.26793089764055,23.141972205212895,15.244306565632057,177.1159999999998,144.42385250000007,145.52885250000006,187.325,618.4209655601225,ROUNDED_POCKET_CLEARING_STEP1P2,7500,670
DOE_1237_ROUNDED_POCKET_CLEARING_STEP3P0_F15000_S078,18629,40000.0,2,9.314,0.4999999999999449,0,1,158,0.2654463470932417,15000.0,15000.0,40016.58696090627,4.066855334120085,2.9346792261123498,33.04138179516073,86.45244863178574,103.0162336286812,51.9055248307687,28.336499501900008,442.5826000000006,146.11547680000007,148.61547680000007,186.975,631.6455541076268,ROUNDED_POCKET_CLEARING_STEP3P0,15000,671
DOE_1238_ROUNDED_POCKET_CLEARING_STEP1P2_F500_S079,32110,40000.0,2,16.0545,0.500000000000056,0,1,23,0.1499221426346932,500.0,500.0,39999.59999999874,5.999981314442409,3.359892474954804,48.1924799103904,90.0,8.061231391201424,3.964770023077452,10.923734025777703,92.78599999999938,142.28713904999998,141.78713904999998,187.5,597.6050145516454,ROUNDED_POCKET_CLEARING_STEP1P2,500,672
DOE_1239_ROUNDED_POCKET_CLEARING_STEP2P0_F1000_S080,30019,40000.0,2,15.009,0.500000000000056,0,1,41,0.1607981611645957,1000.0,1000.0,39999.59999999874,6.225329888868025,2.6314574884235045,50.68964511280976,90.0347656517264,8.793131989493274,4.108158821842441,11.308800165424158,92.78599999999938,143.61127219999997,143.69027219999998,187.33177431,603.168098604864,ROUNDED_POCKET_CLEARING_STEP2P0,1000,673
DOE_1240_ROUNDED_POCKET_CLEARING_STEP3P0_F3000_S081,16052,40000.0,2,8.0255,0.4999999999999449,0,1,41,0.3028283079990032,3000.0,3000.0,40018.284017181664,6.282051128485169,3.524614110365725,59.57419383563047,90.0,15.397501915340763,6.38733065446113,15.615487579784952,92.78599999999938,151.79722119999997,152.69222119999998,187.332989115,626.2433294830199,ROUNDED_POCKET_CLEARING_STEP3P0,3000,674
DOE_1241_ROUNDED_POCKET_CLEARING_STEP1P2_F5000_S082,19541,40000.0,2,9.77,0.4999999999999449,0,1,95,0.2482472749603398,5000.0,5000.0,40004.400000000256,6.96317065813636,2.299177422693114,31.16948753570677,71.82498280531178,21.698172004156547,10.701055056481264,14.74661853290327,110.98369999999936,149.7652904999999,150.97545399999993,187.325,622.8087149614122,ROUNDED_POCKET_CLEARING_STEP1P2,5000,675
DOE_1242_ROUNDED_POCKET_CLEARING_STEP2P0_F7500_S083,22307,40000.0,2,11.153,0.4999999999999449,0,1,131,0.219213699735509,7500.0,7500.0,40000.80000000253,7.986357390657513,2.673402051897801,28.996771974000428,75.85425623981567,36.9153823306896,18.719228749357573,15.065904336260733,171.19399999999985,145.94450109999994,148.04950109999993,187.15,622.8263842572168,ROUNDED_POCKET_CLEARING_STEP2P0,7500,676
DOE_1243_ROUNDED_POCKET_CLEARING_STEP3P0_F10000_S084,25536,40000.0,2,12.7675,0.5000000000000004,0,1,158,0.1928258145363408,10000.0,10000.0,40000.80000000253,9.388469091590828,3.581539637727776,31.335549908491704,82.57093559286015,54.59787101285878,26.664976600680063,15.589117853316942,209.6119999999999,141.4533220000001,144.4533220000001,186.828993225,621.6639238918035,ROUNDED_POCKET_CLEARING_STEP3P0,10000,677
DOE_1245_ROUNDED_POCKET_CLEARING_STEP2P0_F500_S086,33103,40000.0,2,16.551000000000002,0.500000000000056,0,1,23,0.1458478083557381,500.0,500.0,39999.59999999874,7.999774055965245,1.5705782691358243,56.20382694315162,90.0,8.979516665111122,3.551755356351818,10.750744428524412,92.78599999999938,140.72177400000035,141.22177400000035,187.5,595.4904642508202,ROUNDED_POCKET_CLEARING_STEP2P0,500,678
DOE_1246_ROUNDED_POCKET_CLEARING_STEP3P0_F1000_S087,27827,40000.0,2,13.913,0.5000000000000004,0,1,32,0.1740396018255651,1000.0,1000.0,40000.32000000033,7.103274235960268,1.5699808977633778,65.56441267107712,90.0,10.454889199171664,3.9032373584727456,11.73571057028098,106.71349999999968,145.17820159999982,146.25720159999983,187.34647617,607.3085517452516,ROUNDED_POCKET_CLEARING_STEP3P0,1000,679
DOE_1247_ROUNDED_POCKET_CLEARING_STEP1P2_F3000_S088,26962,40000.0,2,13.4805,0.5000000000000004,0,1,95,0.1801424226689414,3000.0,3000.0,40000.80000000253,3.92547027375071,2.2502582591240508,26.23198504086797,79.30292681303797,13.944472491084849,6.317937914105006,12.121589596717214,92.78599999999938,145.67904839999994,145.57404839999995,187.325,610.6134801807502,ROUNDED_POCKET_CLEARING_STEP1P2,3000,680
DOE_1249_ROUNDED_POCKET_CLEARING_STEP3P0_F7500_S090,18662,40000.0,2,9.3305,0.4999999999999449,0,1,86,0.2637445075554603,7500.0,7500.0,40016.58696090627,4.000511241010203,3.660186023743852,33.99746268382194,92.8430310228015,40.85572747172179,20.12742915356392,16.369707986791013,187.0080000000005,147.67663534999997,149.28163534999996,187.1746597,628.9733203695998,ROUNDED_POCKET_CLEARING_STEP3P0,7500,681
DOE_1250_ROUNDED_POCKET_CLEARING_STEP1P2_F10000_S091,22230,40000.0,2,11.1145,0.4999999999999449,0,1,149,0.2213675213675213,10000.0,10000.0,40000.80000000253,6.202566503191216,1.865566618294157,29.602802986809458,81.00348519673824,60.68243349031784,31.40009703096096,19.181525921910158,239.80660000000051,144.91800859999992,146.91800859999992,187.325,625.0361226136592,ROUNDED_POCKET_CLEARING_STEP1P2,10000,682
DOE_1251_ROUNDED_POCKET_CLEARING_STEP2P0_F15000_S092,25214,40000.0,2,12.6065,0.5000000000000004,0,1,248,0.195446973903387,15000.0,15000.0,40000.80000000253,6.21974919270699,2.776102668014256,36.80082253190951,78.94044786849433,111.90038764990356,54.85257669460848,23.318665889506224,424.2829999999991,142.21222169999993,144.71222169999993,186.8,621.7175877917556,ROUNDED_POCKET_CLEARING_STEP2P0,15000,683
DOE_1252_ROUNDED_POCKET_CLEARING_STEP3P0_F500_S093,34490,40000.0,2,17.244500000000002,0.500000000000056,0,1,23,0.1393157436938243,500.0,500.0,39999.35999999935,5.235500799895286,3.334170904681317,48.44565083150757,90.0,8.327334059539345,3.447269025244745,10.526858488498211,92.78599999999938,138.69035340000008,140.19035340000008,187.329880575,592.7119981821781,ROUNDED_POCKET_CLEARING_STEP3P0,500,684
DOE_1253_ROUNDED_POCKET_CLEARING_STEP1P2_F1000_S094,22261,40000.0,2,11.13,0.4999999999999449,0,1,33,0.215893266250393,1000.0,1000.0,40000.80000000253,4.315737770907543,2.715824604470213,50.71545670816606,89.99230405853227,9.678634157999529,4.755123258367945,13.123394076695268,92.78599999999938,150.5808790000001,150.6598790000001,187.5,615.0225857740684,ROUNDED_POCKET_CLEARING_STEP1P2,1000,685
DOE_1254_ROUNDED_POCKET_CLEARING_STEP2P0_F3000_S095,23745,40000.0,2,11.872,0.5000000000000004,0,1,78,0.2037481575068435,3000.0,3000.0,40000.80000000253,6.576824883366335,2.9117176439120205,55.69904318793471,65.27482835744014,13.40968365323152,6.136515786152895,12.87773635665052,92.78599999999938,147.76267460000008,148.6576746000001,187.15,616.1205221373631,ROUNDED_POCKET_CLEARING_STEP2P0,3000,686
DOE_1255_ROUNDED_POCKET_CLEARING_STEP3P0_F5000_S096,25283,40000.0,2,12.641,0.5000000000000004,0,1,113,0.1926590989993276,5000.0,5000.0,40000.80000000253,7.597344299727912,2.790445387644565,41.87356786808088,74.33246062519727,22.6888468873486,10.3070229485884,12.98389844264482,110.22100000000012,144.8150838,146.52558380000002,186.975,616.7147483251849,ROUNDED_POCKET_CLEARING_STEP3P0,5000,687
DOE_1257_ROUNDED_POCKET_CLEARING_STEP2P0_F10000_S098,18999,40000.0,2,9.499,0.4999999999999449,0,1,104,0.2604873940733723,10000.0,10000.0,40016.58696090627,2.7112380565065406,1.491627635359017,28.40059013745535,90.0,52.23997066961952,27.07071247835886,19.908355990614066,253.28300000000328,146.41313930000004,147.91313930000004,187.325,630.7445743350074,ROUNDED_POCKET_CLEARING_STEP2P0,10000,688
DOE_1258_ROUNDED_POCKET_CLEARING_STEP3P0_F15000_S099,21379,40000.0,2,10.689,0.4999999999999449,0,1,185,0.2317694934281304,15000.0,15000.0,40011.00000000065,4.066855334120085,1.5072228890050026,36.498653503151736,86.23434682952566,96.74216420003243,48.08710282684612,25.174412574190143,378.2496000000002,144.48315470000006,146.48315470000006,186.975,628.7611131942824,ROUNDED_POCKET_CLEARING_STEP3P0,15000,689
DOE_1259_ROUNDED_POCKET_CLEARING_STEP1P2_F500_S100,39215,40000.0,2,19.607000000000003,0.5000000000000004,0,1,32,0.122478643376259,500.0,500.0,39628.180491176114,4.263516191902512,2.711764924240031,49.60818427216493,90.0,7.677859196222085,3.251101765820583,9.872466085476088,92.78599999999938,134.22709940000007,134.72709940000007,187.33253872,581.084333983133,ROUNDED_POCKET_CLEARING_STEP1P2,500,690
DOE_1260_ROUNDED_POCKET_CLEARING_STEP2P0_F1000_S101,18519,40000.0,2,9.259,0.4999999999999449,0,1,23,0.2601652357038717,1000.0,1000.0,40016.58696090627,5.947185438170773,2.768260987415695,53.98469958202226,90.0,11.772712976078614,4.724918457000859,14.379819220017325,92.78599999999938,152.35862029999998,153.4376203,187.5,619.6971894412629,ROUNDED_POCKET_CLEARING_STEP2P0,1000,691
DOE_1261_ROUNDED_POCKET_CLEARING_STEP3P0_F3000_S102,20916,40000.0,2,10.4575,0.4999999999999449,0,1,59,0.2322623828647925,3000.0,3000.0,40007.520000000055,3.926091466603652,3.7258780764368256,53.92633596207428,88.33094888998492,16.025215616842722,5.840836143515655,13.69372109692205,108.99500000000018,149.19973949999988,151.0947394999999,187.15,620.0973050333138,ROUNDED_POCKET_CLEARING_STEP3P0,3000,692
DOE_1262_ROUNDED_POCKET_CLEARING_STEP1P2_F5000_S103,22635,40000.0,2,11.317,0.499999999999997,0,1,113,0.2151093439363817,5000.0,5000.0,40000.80000000253,6.265818125272304,2.008699865854924,27.58821972404111,74.75052764231988,22.806384412242124,10.992778446397397,13.756432262363951,114.69499999999933,147.79707689999998,148.5075769,187.325,619.2671979148986,ROUNDED_POCKET_CLEARING_STEP1P2,5000,693
DOE_1263_ROUNDED_POCKET_CLEARING_STEP2P0_F7500_S104,26356,40000.0,2,13.1775,0.5000000000000004,0,1,149,0.1861056305964486,7500.0,7500.0,40000.80000000253,6.251263940694887,2.928333016460764,28.549402737770347,86.95140173494474,40.95410516215611,19.73788506670556,14.291635529646658,166.00599999999943,142.85472625000006,144.45972625000005,187.00355595,617.1869945376917,ROUNDED_POCKET_CLEARING_STEP2P0,7500,694
DOE_1265_ROUNDED_POCKET_CLEARING_STEP1P2_F15000_S106,18474,40000.0,2,9.2365,0.4999999999999449,0,1,176,0.2664826242286456,15000.0,15000.0,40016.58696090627,9.273107094845908,2.0943553643388064,36.46567875595557,75.32491429491692,108.48677669144683,53.41953489247307,27.4703737125578,417.878,147.1998479,148.19866290000002,187.325,630.8155458695318,ROUNDED_POCKET_CLEARING_STEP1P2,15000,695
DOE_1266_ROUNDED_POCKET_CLEARING_STEP2P0_F500_S107,32690,40000.0,2,16.3445,0.500000000000056,0,1,24,0.1472009788926277,500.0,500.0,39999.59999999874,5.235306475269315,3.3341175496225604,47.94338414404666,90.0,7.883479525568759,3.9590958554028695,10.825376733566214,92.78599999999938,141.16829620000004,141.16829620000004,187.5,596.8716377836089,ROUNDED_POCKET_CLEARING_STEP2P0,500,696
DOE_1267_ROUNDED_POCKET_CLEARING_STEP3P0_F1000_S108,31682,40000.0,2,15.8405,0.500000000000056,0,1,42,0.1522315510384445,1000.0,1000.0,39999.59999999874,5.297384200096136,2.981413210657387,49.59471118033236,90.0,8.413849174881209,4.053512415894605,11.00770763201858,92.78599999999938,141.42123599999985,142.00023599999986,187.325,600.2971813588844,ROUNDED_POCKET_CLEARING_STEP3P0,1000,697
DOE_1268_ROUNDED_POCKET_CLEARING_STEP1P2_F3000_S109,17147,40000.0,2,8.572999999999999,0.4999999999999449,0,1,50,0.2830232693765673,3000.0,3000.0,40018.284017180216,5.4053656471980975,1.543732508136163,73.82909386778374,91.64987990901628,17.828003600199178,7.791730432007886,15.181843121093078,105.89859999999972,152.29329410000005,153.18829410000004,187.34767742,623.1078694427115,ROUNDED_POCKET_CLEARING_STEP1P2,3000,698
DOE_1269_ROUNDED_POCKET_CLEARING_STEP2P0_F5000_S110,20526,40000.0,2,10.2625,0.4999999999999449,0,1,86,0.2380395595829679,5000.0,5000.0,40007.63999999975,3.981964084352012,1.5103586902008863,35.195278441554905,92.51064546864686,26.81488447462084,12.910430949798172,14.71578276438621,126.1290000000006,148.67917125,150.38967125000002,187.17677875,622.3207275234977,ROUNDED_POCKET_CLEARING_STEP2P0,5000,699
DOE_1270_ROUNDED_POCKET_CLEARING_STEP3P0_F7500_S111,22301,40000.0,2,11.15,0.4999999999999449,0,1,104,0.2206627505493027,7500.0,7500.0,40000.80000000253,6.144380431012816,1.4812251785681447,35.342274379786815,93.83202655662564,39.83648230599111,19.46890184236295,16.3329544570527,183.16800000000023,145.44861500000002,148.053615,186.975,623.594066617079,ROUNDED_POCKET_CLEARING_STEP3P0,7500,700
DOE_1271_ROUNDED_POCKET_CLEARING_STEP1P2_F10000_S112,24772,40000.0,2,12.3855,0.5000000000000004,0,1,167,0.199136121427418,10000.0,10000.0,40000.80000000253,3.896283663101184,1.6192803133117435,28.122474823997223,82.61375803157614,60.0830632218513,29.753459415757703,16.94525620785766,246.378,143.06093695000007,144.56093695000007,187.325,621.7104587718427,ROUNDED_POCKET_CLEARING_STEP1P2,10000,701
DOE_1272_ROUNDED_POCKET_CLEARING_STEP2P0_F15000_S113,15052,40000.0,2,7.5255,0.4999999999999449,0,1,131,0.3279962795641775,15000.0,15000.0,40018.284017181664,3.865409435780194,2.7761026676697416,39.463734416335,79.46262331679154,104.79169576316364,51.12718227951894,29.41030165294005,479.3010000000005,148.2954004,150.2954004,187.325,634.1639409912634,ROUNDED_POCKET_CLEARING_STEP2P0,15000,702
DOE_1273_ROUNDED_POCKET_CLEARING_STEP3P0_F500_S114,32330,40000.0,2,16.1645,0.500000000000056,0,1,23,0.1492112588926693,500.0,500.0,39999.59999999874,5.999940055106725,2.9749191732704183,49.67107343302899,90.0,8.942248859322277,3.623054151279568,10.87903178962172,92.78599999999938,141.05355049999991,142.05355049999991,187.5,597.6389034603154,ROUNDED_POCKET_CLEARING_STEP3P0,500,703
DOE_1274_ROUNDED_POCKET_CLEARING_STEP1P2_F1000_S115,26613,40000.0,2,13.306,0.5000000000000004,0,1,41,0.1811896441588697,1000.0,1000.0,40000.32000000033,4.505794606172783,2.0221289514107923,50.8773286607306,89.28421495412985,9.061090944798984,4.430004770646701,12.01152232195889,92.78599999999938,147.24195440000008,146.8209544000001,187.5,608.7376341117457,ROUNDED_POCKET_CLEARING_STEP1P2,1000,704
DOE_1275_ROUNDED_POCKET_CLEARING_STEP2P0_F3000_S116,25648,40000.0,2,12.8235,0.5000000000000004,0,1,86,0.1893325015595758,3000.0,3000.0,40000.80000000253,6.199806342428339,2.709984498772961,53.07361315272978,68.43986607080242,13.773151755734004,6.039223186472719,12.406710177574125,92.78599999999938,146.2833243999999,146.67832439999992,187.165929655,613.5884120105151,ROUNDED_POCKET_CLEARING_STEP2P0,3000,705
DOE_1276_ROUNDED_POCKET_CLEARING_STEP3P0_F5000_S117,16273,40000.0,2,8.136,0.4999999999999449,0,1,59,0.3001904996005654,5000.0,5000.0,40018.284017181664,6.271152551813509,3.649069104718491,51.14593648645514,83.230332354945,22.66266301779086,9.781570693068948,15.92041660821972,123.9884999999994,150.43631480000002,151.64681480000004,187.325,628.3493967951952,ROUNDED_POCKET_CLEARING_STEP3P0,5000,706
DOE_1277_ROUNDED_POCKET_CLEARING_STEP1P2_F7500_S118,19330,40000.0,2,9.6645,0.4999999999999449,0,1,113,0.2526125193998965,7500.0,7500.0,40004.40000000073,8.843059169434518,2.017693158636705,30.660368643495424,73.45335826069868,35.13398700706344,17.74872979487858,16.100362432527987,170.57199999999995,148.30653559999996,149.91151509999997,187.325,625.9213822393675,ROUNDED_POCKET_CLEARING_STEP1P2,7500,707
DOE_1278_ROUNDED_POCKET_CLEARING_STEP2P0_F10000_S119,21890,40000.0,2,10.9445,0.4999999999999449,0,1,140,0.2246687985381452,10000.0,10000.0,40004.73599999787,9.396661983125304,2.711237556557078,30.463358986189817,80.11582536559644,52.967129162125694,27.17334684246593,17.195888441171792,236.10549999999895,144.64722380000006,147.14722380000006,187.15,626.2713919568564,ROUNDED_POCKET_CLEARING_STEP2P0,10000,708
DOE_1279_ROUNDED_POCKET_CLEARING_STEP3P0_F15000_S120,24852,40000.0,2,12.4255,0.5000000000000004,0,1,230,0.1982134234669242,15000.0,15000.0,40000.80000000253,9.264176971670938,3.5555370234604373,41.4773949501231,77.56644682201201,109.48522421351072,56.82824128589634,26.556463642787485,346.46500000000026,141.99837959999982,144.99837659999983,186.48717432,623.2549511727558,ROUNDED_POCKET_CLEARING_STEP3P0,15000,709
DOE_1280_ROUNDED_POCKET_CLEARING_STEP1P2_F500_S121,32440,40000.0,2,16.2195,0.500000000000056,0,1,23,0.1485819975339087,500.0,500.0,39999.59999999874,7.5997740608103586,1.5705782747056516,56.19565811565527,90.0,8.790790108732288,3.649650782565305,10.861209567089302,92.78599999999938,141.93622850000006,141.93622850000006,187.5,596.4109502871605,ROUNDED_POCKET_CLEARING_STEP1P2,500,710
DOE_1281_ROUNDED_POCKET_CLEARING_STEP2P0_F1000_S122,27001,40000.0,2,13.5,0.5000000000000004,0,1,32,0.179141513277286,1000.0,1000.0,40000.80000000253,8.103249656567284,1.570029737326347,65.56519590219442,90.0,10.297782977106314,4.01311207485072,11.914721909467278,96.66360000000029,146.40829,146.98729,187.345995,608.2779112027273,ROUNDED_POCKET_CLEARING_STEP2P0,1000,711
DOE_1282_ROUNDED_POCKET_CLEARING_STEP3P0_F3000_S123,22490,40000.0,2,11.2445,0.4999999999999449,0,1,59,0.216629613161405,3000.0,3000.0,40000.80000000253,8.522874474806672,1.5332018329157475,50.94034574561034,90.55216110488116,17.00643020150469,7.071864679993597,13.28037713149355,114.63999999999965,148.16069785000002,149.55569785000003,187.15,618.4738129532656,ROUNDED_POCKET_CLEARING_STEP3P0,3000,712
DOE_1283_ROUNDED_POCKET_CLEARING_STEP1P2_F5000_S124,25415,40000.0,2,12.707,0.5000000000000004,0,1,122,0.1921306315168207,5000.0,5000.0,40000.80000000253,3.886842321175824,2.65466038394731,22.14079414409073,90.0,26.37571258490888,13.01041497857298,13.3221159272006,119.06500000000086,145.70910200000003,145.91960200000003,187.325,615.4985444456318,ROUNDED_POCKET_CLEARING_STEP1P2,5000,713
DOE_1284_ROUNDED_POCKET_CLEARING_STEP2P0_F7500_S125,16458,40000.0,2,8.228499999999999,0.4999999999999449,0,1,77,0.2987604812249362,7500.0,7500.0,40018.284017181664,3.90331329828544,2.673521186651386,40.27241960180905,90.0,39.920913770292046,20.30747476608423,17.22896338738825,169.71500000000006,149.27386420000002,150.3788642,187.325,630.5345916320331,ROUNDED_POCKET_CLEARING_STEP2P0,7500,714
DOE_1285_ROUNDED_POCKET_CLEARING_STEP3P0_F10000_S126,18908,40000.0,2,9.4535,0.4999999999999449,0,1,104,0.2616881743177491,10000.0,10000.0,40016.58696090627,4.021315036517368,3.548741178426261,29.630893286368067,90.0,55.841158739333615,28.399806154118668,17.852020565345164,247.60000000000025,145.96338495000003,147.96338495000003,187.176172155,631.5752320885359,ROUNDED_POCKET_CLEARING_STEP3P0,10000,715
DOE_1286_ROUNDED_POCKET_CLEARING_STEP1P2_F15000_S127,21742,40000.0,2,10.8705,0.4999999999999449,0,1,221,0.226382117560482,15000.0,15000.0,40006.79999999932,6.21119498140015,1.7067475953313973,38.48860916266387,78.22615367060924,113.01903531729867,53.93376558631924,24.121102016025308,495.6460000000007,145.24558590000004,147.24554390000003,187.15,625.9531669963488,ROUNDED_POCKET_CLEARING_STEP1P2,15000,716
DOE_1287_ROUNDED_POCKET_CLEARING_STEP2P0_F500_S128,40432,40000.0,2,20.2155,0.5,0,1,33,0.1186931143648595,500.0,500.0,39235.66106019404,5.2353064747676825,2.01124717584649,48.50500117057179,90.477264453096,7.45592007776887,3.230423547812471,9.723019917479965,92.78599999999938,132.29248480000027,133.29248480000027,187.330903615,578.8103393379528,ROUNDED_POCKET_CLEARING_STEP2P0,500,717
DOE_1288_ROUNDED_POCKET_CLEARING_STEP3P0_F1000_S129,20599,40000.0,2,10.299,0.4999999999999449,0,1,23,0.2337492111267537,1000.0,1000.0,40003.80000000007,5.73263005089229,3.650067394574254,51.03847649736829,90.0,11.011854948399112,4.501478671062053,13.633108369249364,92.78599999999938,150.66026530000002,152.23926530000003,187.32947646,617.984632232134,ROUNDED_POCKET_CLEARING_STEP3P0,1000,718
DOE_1289_ROUNDED_POCKET_CLEARING_STEP1P2_F3000_S130,19972,40000.0,2,9.9855,0.4999999999999449,0,1,69,0.2419887842980172,3000.0,3000.0,40004.03999999946,5.5798894194527495,2.363133692982937,45.50361376161578,66.78738634633416,13.465727476838088,6.379123686410714,14.017972427615112,92.78599999999938,150.77631705000005,151.17131705000006,187.325,620.5237628972169,ROUNDED_POCKET_CLEARING_STEP1P2,3000,719
DOE_1290_ROUNDED_POCKET_CLEARING_STEP2P0_F5000_S131,22787,40000.0,2,11.393,0.5000000000000004,0,1,104,0.213455040154474,5000.0,5000.0,40000.80000000253,7.909258533116533,2.790445387644565,34.80781192531355,72.1802684929942,21.59186900025444,9.873406724816697,13.558890698627728,110.20900000000024,147.19075319999993,148.40125319999996,187.15,619.8044996747751,ROUNDED_POCKET_CLEARING_STEP2P0,5000,720
DOE_1291_ROUNDED_POCKET_CLEARING_STEP3P0_F7500_S132,24899,40000.0,2,12.449,0.5000000000000004,0,1,140,0.1968352142656331,7500.0,7500.0,40000.80000000253,8.917734798221678,2.9527220251176822,28.42193327812405,80.00041213230516,36.84090040258297,17.9985572001492,14.129787348208136,157.30199999999962,143.54055680000005,145.64555680000004,186.975,620.1741695275045,ROUNDED_POCKET_CLEARING_STEP3P0,7500,721
DOE_1292_ROUNDED_POCKET_CLEARING_STEP1P2_F10000_S133,15226,40000.0,2,7.612500000000001,0.4999999999999449,0,1,77,0.3245763825036122,10000.0,10000.0,40018.284017181664,1.6192803125133048,1.5437370012718716,18.3287091319935,87.72908717417836,49.775889690287286,25.020080019122457,20.85765773675435,159.96600000000072,148.72529,149.72529,187.5,633.7773870095657,ROUNDED_POCKET_CLEARING_STEP1P2,10000,722
DOE_1293_ROUNDED_POCKET_CLEARING_STEP2P0_F15000_S134,18968,40000.0,2,9.4835,0.4999999999999449,0,1,158,0.2609658371994939,15000.0,15000.0,40016.58696090627,2.7761026679856164,1.5256841931858554,36.50058492632998,81.39826866886159,93.86562569363824,46.820006120601846,27.26022643044795,420.3299999999999,146.4302559499999,147.9302559499999,187.15,631.01638932603,ROUNDED_POCKET_CLEARING_STEP2P0,15000,723
DOE_1294_ROUNDED_POCKET_CLEARING_STEP3P0_F500_S135,35377,40000.0,2,17.688000000000002,0.5000000000000004,0,1,23,0.1368685869350142,500.0,500.0,39998.39999999495,7.999774055965245,1.5705782689718026,56.20382694315162,90.0,8.863546178583933,3.5064070991982503,10.404061689222416,97.85270000000068,137.68879399999977,138.18879399999977,187.5,591.4770007374716,ROUNDED_POCKET_CLEARING_STEP3P0,500,724
DOE_1295_ROUNDED_POCKET_CLEARING_STEP1P2_F1000_S136,31445,40000.0,2,15.722,0.500000000000056,0,1,50,0.1529972968675465,1000.0,1000.0,39999.59999999874,3.927238569149321,2.725712080327121,53.85897302413275,89.36363068352071,8.866435112996403,3.721274606539619,11.037822356891592,92.78599999999938,142.66794160000012,143.24694160000013,187.325,598.795613401281,ROUNDED_POCKET_CLEARING_STEP1P2,1000,725
DOE_1296_ROUNDED_POCKET_CLEARING_STEP2P0_F3000_S137,17350,40000.0,2,8.6745,0.4999999999999449,0,1,50,0.2794812680115274,3000.0,3000.0,40018.20764964791,4.246041976889,2.7103243775743104,56.46340882094691,88.09272490518192,16.135036234022646,6.394760649441719,15.028268309404403,102.44549999999995,151.6947071499999,153.08970714999992,187.325,623.4537038806291,ROUNDED_POCKET_CLEARING_STEP2P0,3000,726
DOE_1297_ROUNDED_POCKET_CLEARING_STEP3P0_F5000_S138,19396,40000.0,2,9.6975,0.4999999999999449,0,1,77,0.2518044957723241,5000.0,5000.0,40007.99999999991,4.033746511550688,3.3804032779160877,32.56604066246014,91.52875080904192,27.02923729356103,12.199112774701836,14.997660076629783,125.08199999999904,148.84802049999996,151.0585205,187.15,624.2588249219848,ROUNDED_POCKET_CLEARING_STEP3P0,5000,727
DOE_1298_ROUNDED_POCKET_CLEARING_STEP1P2_F7500_S139,22136,40000.0,2,11.0675,0.4999999999999449,0,1,131,0.2213136971449223,7500.0,7500.0,40000.80000000253,6.247392040630344,1.7745654948783771,29.58366083855064,82.08117659523325,39.66980716918238,19.99517179652666,15.422619406351195,174.1020000000013,146.5608222500001,147.66582225000008,187.325,622.8223453709982,ROUNDED_POCKET_CLEARING_STEP1P2,7500,728
DOE_1299_ROUNDED_POCKET_CLEARING_STEP2P0_F10000_S140,25030,40000.0,2,12.5145,0.5000000000000004,0,1,167,0.1970435477427087,10000.0,10000.0,40000.80000000253,6.206067226623816,2.71123755575864,28.05070510589088,87.98599999621733,61.47318548479428,32.47497105870782,18.40411693883214,239.47499999999965,142.35830374999992,144.35830374999992,187.15,622.0504598926183,ROUNDED_POCKET_CLEARING_STEP2P0,10000,729
DOE_1301_FREEFORM_POCKET_CLEARING_K2_F500_S002,33028,40000.0,2,16.5135,0.500000000000056,0,1,70,0.146481773041056,500.0,500.0,39999.59999999874,1.32933232972714,1.0079095706225818,11.695393019093435,26.61230838501542,10.289247491959449,2.998630607191049,10.718386198058944,136.2709999999989,140.72006469999994,140.74004221999994,187.5,596.2920735345012,FREEFORM_POCKET_CLEARING_K2,500,730
DOE_1302_FREEFORM_POCKET_CLEARING_K3_F1000_S003,30658,40000.0,2,15.3285,0.500000000000056,0,1,135,0.1580664100724117,1000.0,1000.0,39999.59999999874,1.3933842537775725,0.7925106704678875,12.412506287806789,24.88406397007907,10.967829008674302,3.158360970383349,11.146905210541876,140.45300000000083,141.69623750000002,143.20088250000003,187.35,602.999320054504,FREEFORM_POCKET_CLEARING_K3,1000,731
DOE_1304_FREEFORM_POCKET_CLEARING_K5_F5000_S005,16038,40000.0,2,8.0185,0.4999999999999449,0,1,264,0.3042149894001746,5000.0,5000.0,40018.28401718407,1.5030237842231688,0.7558707980344921,9.255470537175777,16.967767159779754,23.690179481169583,7.460443306057351,15.96682006664054,149.87800000000107,152.28653939999995,153.23604289999994,187.2,625.3783443621408,FREEFORM_POCKET_CLEARING_K5,5000,732
DOE_1305_FREEFORM_POCKET_CLEARING_K1_F7500_S006,18294,40000.0,2,9.1465,0.4999999999999449,0,1,537,0.2681753580408877,7500.0,7500.0,40018.284017181664,1.405559513079698,0.7294230274867681,6.11059290892312,12.736096896713008,34.062868822094664,11.099121012551116,15.717314090976538,153.60300000000038,147.68852929999997,151.05823279999998,187.05,628.1131947150441,FREEFORM_POCKET_CLEARING_K1,7500,733
DOE_1306_FREEFORM_POCKET_CLEARING_K2_F10000_S007,21735,40000.0,2,10.867,0.4999999999999449,0,1,924,0.2257648953301127,10000.0,10000.0,40016.58696090627,1.33147713734579,0.7861596675062713,5.886933621431329,13.675261672797513,54.13248416570151,18.87081901912229,15.842929551855455,234.65800000000135,147.7848331,147.8747816,186.6,623.4408238913105,FREEFORM_POCKET_CLEARING_K2,10000,734
DOE_1307_FREEFORM_POCKET_CLEARING_K3_F15000_S008,24730,40000.0,2,12.3645,0.5000000000000004,0,1,1552,0.1988273352203801,15000.0,15000.0,40000.80000000253,1.2790366956436126,0.7534672493789639,6.3699508129371,13.25228877068349,107.48327130427492,32.397516083484206,19.522626110241514,325.0820000000001,143.84130304999994,146.00112204999994,186.0,621.3847161674795,FREEFORM_POCKET_CLEARING_K3,15000,735
DOE_1308_FREEFORM_POCKET_CLEARING_K4_F500_S009,33459,40000.0,2,16.729000000000003,0.500000000000056,0,1,102,0.1443557787142473,500.0,500.0,39999.59999999874,0.8725860015637907,0.66412101452111,9.037414251789912,15.698010755851792,10.100574803772677,2.978573822242125,10.649256593585486,133.54900000000038,140.4785864999998,139.7802643299998,187.5,595.6199805949916,FREEFORM_POCKET_CLEARING_K4,500,736
DOE_1309_FREEFORM_POCKET_CLEARING_K5_F1000_S010,22264,40000.0,2,11.1315,0.4999999999999449,0,1,150,0.2177506288178225,1000.0,1000.0,40000.80000000253,0.7490550855491647,0.3913725047876507,6.6169145795402455,12.991886446784418,12.91116179801561,3.69347862910888,13.066465680103036,142.2155000000007,150.04541699499993,150.76078905999992,187.5,615.459398492216,FREEFORM_POCKET_CLEARING_K5,1000,737
DOE_1310_FREEFORM_POCKET_CLEARING_K1_F3000_S011,23998,40000.0,2,11.9985,0.5000000000000004,0,1,520,0.2030585882156846,3000.0,3000.0,40000.80000000253,0.810834297543346,0.4517703398319894,4.841069523519155,9.320533381563578,15.18011746994758,4.715720650767552,12.768742320588142,148.7569999999998,146.0502143999999,148.6634363999999,187.2,617.0361724399748,FREEFORM_POCKET_CLEARING_K1,3000,738
DOE_1311_FREEFORM_POCKET_CLEARING_K2_F5000_S012,25093,40000.0,2,12.546,0.5000000000000004,0,1,970,0.19419758498386,5000.0,5000.0,40000.80000000253,0.7630437353656755,0.4528419166629478,5.120636856491116,11.06711244475218,24.083445669503657,8.287949121500535,12.969548163072336,148.37099999999913,146.85542399999983,146.88624249999984,186.9,614.980570840815,FREEFORM_POCKET_CLEARING_K2,5000,739
DOE_1312_FREEFORM_POCKET_CLEARING_K3_F7500_S013,16419,40000.0,2,8.209,0.4999999999999449,0,1,649,0.2980693099457945,7500.0,7500.0,40018.28401718407,0.97355588263936,0.4997916918457435,5.467563972725686,11.178061162359583,35.31580447511524,12.267383681069544,16.568869766853407,151.1509999999987,149.58911829999997,151.73964279999998,187.05,629.2382958735301,FREEFORM_POCKET_CLEARING_K3,7500,740
DOE_1313_FREEFORM_POCKET_CLEARING_K4_F10000_S014,18267,40000.0,2,9.133,0.4999999999999449,0,1,970,0.2680790496523786,10000.0,10000.0,40018.284017181664,0.999843049286059,0.5587549470906049,4.5670329873428095,10.955480157723471,49.65751340320345,19.57225664334464,17.12953143872785,222.5599999999997,150.25327360000003,149.09459310000005,186.9,627.7352388232439,FREEFORM_POCKET_CLEARING_K4,10000,741
DOE_1314_FREEFORM_POCKET_CLEARING_K5_F15000_S015,21565,40000.0,2,10.782,0.4999999999999449,0,1,1871,0.228147461163923,15000.0,15000.0,40007.04000000025,0.8383835806124168,0.4502904807085853,4.698225594661992,8.433383926342218,109.23147748054222,35.831090593419944,20.996810417162056,342.3989999999986,147.82561440000003,149.02714040000004,186.15,623.2921090610033,FREEFORM_POCKET_CLEARING_K5,15000,742
DOE_1315_FREEFORM_POCKET_CLEARING_K1_F500_S016,35905,40000.0,2,17.952,0.5000000000000004,0,1,70,0.1351343823979947,500.0,500.0,39998.39999999495,1.5180540712698574,1.0874643985971082,10.319183620404164,28.603559254593392,10.190156753311353,2.875351038544521,10.279660755084889,142.99199999999956,135.64621829999987,137.80789179999988,187.5,591.4955582084347,FREEFORM_POCKET_CLEARING_K1,500,743
DOE_1316_FREEFORM_POCKET_CLEARING_K2_F1000_S017,19452,40000.0,2,9.7255,0.4999999999999449,0,1,70,0.2489204194941394,1000.0,1000.0,40000.80000000253,1.3838518910806032,1.050217920752936,12.421495293995124,25.747933492742263,13.556454383518176,3.939267714211508,13.97812216074914,138.1870000000003,151.9224776000001,151.9451615050001,187.5,619.5534709738381,FREEFORM_POCKET_CLEARING_K2,1000,744
DOE_1317_FREEFORM_POCKET_CLEARING_K3_F3000_S018,20725,40000.0,2,10.362,0.4999999999999449,0,1,232,0.2346441495778045,3000.0,3000.0,40016.586960911096,1.5205803331696035,0.8535480669050128,11.525044577897257,22.86099399583513,15.933920558704123,4.758386201640966,13.72666003675482,144.74300000000005,149.0184138999999,150.73154139999988,187.2,621.0798034634786,FREEFORM_POCKET_CLEARING_K3,3000,745
DOE_1320_FREEFORM_POCKET_CLEARING_K1_F10000_S021,15300,40000.0,2,7.649500000000001,0.4999999999999449,0,1,489,0.3218300653594771,10000.0,10000.0,40018.28401718407,1.5558905369691576,0.8104513127483364,5.867506985397007,12.79001452714395,46.74601553153539,14.894165323216844,18.011782698011718,196.2079999999986,147.98252240000002,151.7673784,187.05,632.9155296263729,FREEFORM_POCKET_CLEARING_K1,10000,746
DOE_1321_FREEFORM_POCKET_CLEARING_K2_F15000_S022,18438,40000.0,2,9.2185,0.4999999999999449,0,1,1117,0.2661893914741295,15000.0,15000.0,40018.284017181664,1.251870382776908,0.7000279287370137,6.519560139812296,13.670489158924534,102.14915140573228,37.618296194546815,22.017232277527377,343.2589999999998,149.75024710000005,150.00095210000003,186.45,627.5514115540034,FREEFORM_POCKET_CLEARING_K2,15000,747
DOE_1323_FREEFORM_POCKET_CLEARING_K4_F1000_S024,29717,40000.0,2,14.858,0.500000000000056,0,1,199,0.1626678332267725,1000.0,1000.0,39999.59999999874,0.9101038878910256,0.5254128212813355,9.462669599855348,15.57746037299287,10.89651304766362,3.213919843062559,11.322783892632,135.83000000000033,144.22312820000002,143.48920756000004,187.35,603.9189327343191,FREEFORM_POCKET_CLEARING_K4,1000,748
DOE_1326_FREEFORM_POCKET_CLEARING_K2_F7500_S027,21799,40000.0,2,10.899,0.4999999999999449,0,1,1035,0.224322216615441,7500.0,7500.0,40016.58696090627,0.8930724509009162,0.5124024856988711,4.912397474896505,10.548310919619007,37.36208042428897,13.02600494859072,14.62299892302017,151.85400000000016,148.50060170000003,148.55077920000002,186.75,621.6273336429351,FREEFORM_POCKET_CLEARING_K2,7500,749
DOE_1327_FREEFORM_POCKET_CLEARING_K3_F10000_S028,25673,40000.0,2,12.836,0.5000000000000004,0,1,1421,0.1914073150780976,10000.0,10000.0,40000.80000000253,1.043353029189655,0.5804765331714532,5.029600358038663,10.971143352890278,53.65002115057044,18.24570139529927,14.69688598510176,174.16699999999884,142.7605228999999,145.1499153999999,186.45,619.6645897072755,FREEFORM_POCKET_CLEARING_K3,10000,750
DOE_1329_FREEFORM_POCKET_CLEARING_K5_F500_S030,32490,40000.0,2,16.244500000000002,0.500000000000056,0,1,134,0.149092028316405,500.0,500.0,39999.59999999874,0.6168988538997477,0.4110673194159877,4.961868366209381,10.026086851925951,10.550090092825211,3.022264398839259,10.80661141055472,140.4300000000003,141.18218970500004,141.86919498500006,187.5,597.0146751361168,FREEFORM_POCKET_CLEARING_K5,500,751
DOE_1330_FREEFORM_POCKET_CLEARING_K1_F1000_S031,24613,40000.0,2,12.306,0.5000000000000004,0,1,102,0.197294112867184,1000.0,1000.0,40000.80000000253,1.3924418993132917,0.7699702422902022,10.42466949867464,35.040981727987536,12.471182844792343,3.511340533141954,12.42673314415019,144.61299999999966,146.53104830000007,148.77263804000006,187.5,614.0988511950346,FREEFORM_POCKET_CLEARING_K1,1000,752
DOE_1331_FREEFORM_POCKET_CLEARING_K2_F3000_S032,25482,40000.0,2,12.7405,0.5000000000000004,0,1,329,0.1906443764225728,3000.0,3000.0,40000.80000000253,1.4103274137698163,0.8119867376133,11.228917058454511,21.85980451618985,15.32948391654364,4.6726246374734055,12.417159315068874,144.90400000000037,147.15342499999988,147.18058949999988,187.05,612.9007989758435,FREEFORM_POCKET_CLEARING_K2,3000,753
DOE_1335_FREEFORM_POCKET_CLEARING_K1_F15000_S036,24718,40000.0,2,12.3585,0.5000000000000004,0,1,1455,0.1994497936726272,15000.0,15000.0,40000.80000000253,1.3402664385887628,0.8148165205986275,5.45036872401258,12.473399926905325,102.1280070468111,29.616792921889093,19.11920159717113,324.42100000000096,142.57263514999983,146.22622314999984,186.15,622.3015949450676,FREEFORM_POCKET_CLEARING_K1,15000,754
DOE_1336_FREEFORM_POCKET_CLEARING_K2_F500_S037,33116,40000.0,2,16.5575,0.500000000000056,0,1,102,0.1460925232516004,500.0,500.0,39999.59999999874,0.8838346592170594,0.6488533250627339,8.836690386233334,15.688393786886124,10.273713657023096,2.994106955885554,10.70414394675202,136.2709999999989,140.62018072499984,140.63553757499986,187.5,596.1156995681745,FREEFORM_POCKET_CLEARING_K2,500,755
DOE_1338_FREEFORM_POCKET_CLEARING_K4_F3000_S039,23214,40000.0,2,11.6065,0.5000000000000004,0,1,440,0.2089687257689325,3000.0,3000.0,40000.80000000253,0.9242146367726892,0.5422903371705187,7.897562052329266,15.161249039285194,15.346176744382175,4.975670081666978,12.998504641264342,141.14299999999955,149.16007474999992,148.32813874999994,187.2,616.5444273711109,FREEFORM_POCKET_CLEARING_K4,3000,756
DOE_1339_FREEFORM_POCKET_CLEARING_K5_F5000_S040,26237,40000.0,2,13.118,0.5000000000000004,0,1,779,0.1860731028699927,5000.0,5000.0,40000.80000000253,0.986668289181432,0.4913573591623899,6.344700214570014,11.674668953746425,23.566554316060444,7.830089524750566,12.678018209389764,149.87800000000107,145.76750779999995,146.71675029999994,186.75,612.6737247973914,FREEFORM_POCKET_CLEARING_K5,5000,757
DOE_1343_FREEFORM_POCKET_CLEARING_K4_F500_S044,33525,40000.0,2,16.762,0.500000000000056,0,1,134,0.1440715883668903,500.0,500.0,39999.59999999874,0.6544265512191931,0.5021665811477057,6.656430854512536,11.692855224217825,10.089713451371855,2.97508729697703,10.63875596259363,133.54900000000038,140.40421842000023,139.6995006600002,187.5,595.4867941428455,FREEFORM_POCKET_CLEARING_K4,500,758
DOE_1344_FREEFORM_POCKET_CLEARING_K5_F1000_S045,19135,40000.0,2,9.567,0.4999999999999449,0,1,134,0.2533577214528351,1000.0,1000.0,40014.88990463571,0.6395825786053664,0.4264558942752375,4.906430975970938,9.549601898115856,13.897954356743824,3.967926113799406,14.0934176742947,142.2155000000007,151.9816549,152.69755261,187.5,619.4573699343915,FREEFORM_POCKET_CLEARING_K5,1000,759
DOE_1345_FREEFORM_POCKET_CLEARING_K1_F3000_S046,21777,40000.0,2,10.888,0.4999999999999449,0,1,232,0.2237681958029113,3000.0,3000.0,40016.58696090627,1.6627484399557275,0.8878478212280634,9.754573199164188,18.630058706280927,15.686437382055407,4.6338226385080175,13.388502648652905,148.7569999999998,147.6256744000001,150.2397952000001,187.2,620.2432327081583,FREEFORM_POCKET_CLEARING_K1,3000,760
DOE_1348_FREEFORM_POCKET_CLEARING_K4_F10000_S049,15502,40000.0,2,7.750500000000001,0.4999999999999449,0,1,393,0.3158302154560702,10000.0,10000.0,40018.28401718407,2.003026381012948,1.1081197644189542,8.636495094196517,21.19063516254834,48.79165560139625,18.119266064143492,18.17244190514737,233.34799999999944,151.56086985,150.44554808499998,187.05,630.1899029996579,FREEFORM_POCKET_CLEARING_K4,10000,761
DOE_1352_FREEFORM_POCKET_CLEARING_K3_F3000_S053,16729,40000.0,2,8.363999999999999,0.4999999999999449,0,1,247,0.2906330324586048,3000.0,3000.0,40018.28401718407,1.015299335657312,0.5940996130820559,7.6732560475943,15.54542889713077,17.004737717848673,5.101136410149654,15.253817216747972,144.74300000000005,151.20889530000005,152.90005636000006,187.35,625.3484236441359,FREEFORM_POCKET_CLEARING_K3,3000,762
DOE_1353_FREEFORM_POCKET_CLEARING_K4_F5000_S054,19174,40000.0,2,9.5865,0.4999999999999449,0,1,489,0.2536768540732241,5000.0,5000.0,40018.284017181664,1.1023402212393525,0.6228000228032582,7.203590515578133,15.07322843705119,23.010653196588112,8.110241438250563,14.679207572494647,146.89699999999917,151.17940491000004,150.24208961000002,187.05,623.3419893266415,FREEFORM_POCKET_CLEARING_K4,5000,763
DOE_1354_FREEFORM_POCKET_CLEARING_K5_F7500_S055,22279,40000.0,2,11.139,0.4999999999999449,0,1,827,0.2199380582611428,7500.0,7500.0,40000.80000000253,1.091680599637027,0.5674639753808026,6.169266833454866,11.573964450601167,37.20409629529071,12.26554678231824,14.49280409688337,150.7480000000001,148.00873370000008,149.0994972000001,186.75,620.2420710367383,FREEFORM_POCKET_CLEARING_K5,7500,764
DOE_1356_FREEFORM_POCKET_CLEARING_K2_F15000_S057,15053,40000.0,2,7.526000000000001,0.4999999999999449,0,1,1099,0.3259150999800704,15000.0,15000.0,40018.28401718407,0.9636325976028716,0.5247673928660406,4.860016570044453,10.206489514309505,97.62679495273753,36.48980005484668,23.459431539755,343.9160000000001,151.3279543,151.5958788,186.75,630.4019511268311,FREEFORM_POCKET_CLEARING_K2,15000,765
DOE_1357_FREEFORM_POCKET_CLEARING_K3_F500_S058,34534,40000.0,2,17.2665,0.500000000000056,0,1,134,0.1402096484623849,500.0,500.0,39999.35999999935,0.7126148590638175,0.4553137564524391,5.995751847140521,11.192406019051033,10.16044883500558,2.931051356353024,10.48196154625017,138.6490000000009,137.7590452999998,139.1936429299998,187.5,594.1754620685322,FREEFORM_POCKET_CLEARING_K3,500,766
DOE_1359_FREEFORM_POCKET_CLEARING_K5_F3000_S060,26991,40000.0,2,13.495,0.5000000000000004,0,1,713,0.1802823163276647,3000.0,3000.0,40000.80000000253,0.6477028658250481,0.3397929383604649,4.876553511006782,8.691933740436157,15.052102113691635,4.8150916404464015,12.067804598149234,146.44799999999947,145.74634849999987,146.57931599999986,187.05,609.8095371961709,FREEFORM_POCKET_CLEARING_K5,3000,767
DOE_1360_FREEFORM_POCKET_CLEARING_K1_F5000_S061,16415,40000.0,2,8.206999999999999,0.4999999999999449,0,1,232,0.297837343892781,5000.0,5000.0,40018.28401718407,1.8836173097794344,0.9836520801247614,9.312110961740157,18.774636337354657,22.650217827540253,7.112140732452554,15.766283366487926,149.88400000000013,149.72895723000005,152.67547612000004,187.2,627.9299974820572,FREEFORM_POCKET_CLEARING_K1,5000,768
DOE_1363_FREEFORM_POCKET_CLEARING_K4_F15000_S064,24728,40000.0,2,12.3635,0.5000000000000004,0,1,1104,0.1982772565512779,15000.0,15000.0,40000.80000000253,1.9572301816860476,1.0553863040260787,10.174104603969491,19.56897448982569,101.31482500285712,40.29740542811069,20.32210245100859,319.699,146.03970614999997,145.09041114999997,186.0,620.0661111874089,FREEFORM_POCKET_CLEARING_K4,15000,769
DOE_1369_FREEFORM_POCKET_CLEARING_K5_F10000_S070,18875,40000.0,2,9.437,0.4999999999999449,0,1,779,0.2604503311258278,10000.0,10000.0,40018.284017181664,1.2456025624011806,0.615433600717959,6.269856380728769,11.473935545768413,52.401366642506616,17.280886300591106,16.65229504311511,208.64499999999884,149.33863359999992,150.57090259999993,186.75,626.0021526374157,FREEFORM_POCKET_CLEARING_K5,10000,770
DOE_1372_FREEFORM_POCKET_CLEARING_K3_F1000_S073,20218,40000.0,2,10.1085,0.4999999999999449,0,1,134,0.2396874072608566,1000.0,1000.0,40000.80000000253,0.7415050593053346,0.4744830041661984,6.083917707219577,11.329129876017468,13.424424608201813,3.85720806253245,13.710713344911202,140.45300000000083,150.1372160449999,151.61677048999988,187.5,619.8815688245999,FREEFORM_POCKET_CLEARING_K3,1000,771
DOE_1373_FREEFORM_POCKET_CLEARING_K4_F3000_S074,20165,40000.0,2,10.082,0.4999999999999449,0,1,456,0.24056533597818,3000.0,3000.0,40018.114311557016,0.7396311329967231,0.4198292933983372,6.148374976781025,11.585825619055806,15.854173130187435,5.150759942766375,13.926423289420857,141.14299999999955,151.16862310000005,150.32435760000004,187.2,620.6903423850852,FREEFORM_POCKET_CLEARING_K4,3000,772
DOE_1376_FREEFORM_POCKET_CLEARING_K2_F10000_S077,15352,40000.0,2,7.6755,0.4999999999999449,0,1,393,0.3194372068785825,10000.0,10000.0,40018.28401718407,1.992377151119202,1.1280027237232642,8.63008756702809,21.65643061762602,51.51784542846656,17.44532964573578,18.196301140100573,244.4960000000016,151.21043625,151.34211324999998,187.05,629.877638421622,FREEFORM_POCKET_CLEARING_K2,10000,773
DOE_1377_FREEFORM_POCKET_CLEARING_K3_F15000_S078,18527,40000.0,2,9.263,0.4999999999999449,0,1,717,0.2652345225886544,15000.0,15000.0,40018.284017181664,1.9905602046350677,1.0943690192573683,9.669137946332524,20.19520282757317,103.34114079792488,29.96579189774173,20.598949496718287,322.78800000000007,147.9080201000001,150.0994471000001,186.45,629.1705744496627,FREEFORM_POCKET_CLEARING_K3,15000,774
DOE_1381_FREEFORM_POCKET_CLEARING_K2_F5000_S082,18994,40000.0,2,9.4965,0.4999999999999449,0,1,489,0.2565020532799831,5000.0,5000.0,40018.284017181664,1.0460285609088422,0.6039262250396055,7.066883393353847,15.061205840587446,23.940569910321912,7.886694527226533,14.743594894479545,148.37099999999913,150.96419104999998,150.99769604999997,187.05,623.1972373720213,FREEFORM_POCKET_CLEARING_K2,5000,775
DOE_1382_FREEFORM_POCKET_CLEARING_K3_F7500_S083,22737,40000.0,2,11.368,0.5,0,1,779,0.2153318379733474,7500.0,7500.0,40000.80000000253,1.2244699278410558,0.7040705489715109,6.913004863389721,14.858390798640276,36.704680496580096,12.386719797029022,14.334706079330152,151.1509999999987,145.93527469999995,148.09577253999996,186.75,622.1086638484248,FREEFORM_POCKET_CLEARING_K3,7500,776
DOE_1384_FREEFORM_POCKET_CLEARING_K5_F15000_S085,15132,40000.0,2,7.5655,0.4999999999999449,0,1,875,0.3248744382765001,15000.0,15000.0,40018.28401718407,1.1144795920501245,0.5811533220172284,6.3317287466182,11.471680369551958,104.39746337807355,34.07798781746793,22.799776715969628,347.2230000000014,151.25289005000002,152.44301805000003,186.75,629.4686205695439,FREEFORM_POCKET_CLEARING_K5,15000,777
DOE_1385_FREEFORM_POCKET_CLEARING_K1_F500_S086,36032,40000.0,2,18.0155,0.5000000000000004,0,1,134,0.1346580817051509,500.0,500.0,39998.39999999495,0.7461738905787777,0.5111429959441525,5.141351872128452,9.0924431007062,10.17011136225005,2.87016035279966,10.261552523220672,142.99199999999956,135.47967607500024,137.65112592000025,187.5,591.2402492507287,FREEFORM_POCKET_CLEARING_K1,500,778
DOE_1386_FREEFORM_POCKET_CLEARING_K2_F1000_S087,29447,40000.0,2,14.723,0.500000000000056,0,1,263,0.1644310116480456,1000.0,1000.0,40000.32000000033,0.6614791978689397,0.3701280960466506,6.328016527764476,11.65814168731835,11.076114062088498,3.231631090058239,11.374724749508122,138.1870000000003,144.23940290000007,144.2459494000001,187.35,604.1923875380326,FREEFORM_POCKET_CLEARING_K2,1000,779
DOE_1388_FREEFORM_POCKET_CLEARING_K4_F5000_S089,16605,40000.0,2,8.302,0.4999999999999449,0,1,520,0.2928635953026197,5000.0,5000.0,40018.28401718407,0.8275126547393439,0.4671050582876686,5.645192864791732,11.388813031213578,22.864975734438566,8.140416010835025,15.732601213880663,146.89699999999917,152.49005519999994,151.55590019999997,187.2,625.8527341476979,FREEFORM_POCKET_CLEARING_K4,5000,780
DOE_1389_FREEFORM_POCKET_CLEARING_K5_F7500_S090,18417,40000.0,2,9.208,0.4999999999999449,0,1,842,0.2660042352174621,7500.0,7500.0,40018.284017181664,0.8236291884805874,0.4196281595305205,4.678476281825423,8.569231570799152,36.32075328549738,12.32727512046628,15.790608223585345,151.10899999999992,150.34935536,151.44073,186.9,624.8757269869731,FREEFORM_POCKET_CLEARING_K5,7500,781
DOE_1390_FREEFORM_POCKET_CLEARING_K1_F10000_S091,22041,40000.0,2,11.02,0.4999999999999449,0,1,555,0.223492582006261,10000.0,10000.0,40010.39999999961,2.280453563788565,1.2437660708408362,8.674490119607823,19.27420857998789,49.68607932922468,14.57731675646533,15.3827472238573,192.0639999999985,144.3432359999999,148.1268184999999,186.75,625.7092696459488,FREEFORM_POCKET_CLEARING_K1,10000,782
DOE_1392_FREEFORM_POCKET_CLEARING_K3_F500_S093,34397,40000.0,2,17.198,0.500000000000056,0,1,70,0.1407680902404279,500.0,500.0,39999.35999999935,1.4410615529874282,0.9236494734668984,11.995034695157363,27.443831969726965,10.18240551849827,2.9372866968508275,10.502800162278977,138.6490000000009,137.92104480000012,139.3544357800001,187.5,594.4629932110074,FREEFORM_POCKET_CLEARING_K3,500,783
DOE_1393_FREEFORM_POCKET_CLEARING_K4_F1000_S094,22863,40000.0,2,11.431,0.5000000000000004,0,1,102,0.2114333202116957,1000.0,1000.0,40000.80000000253,1.2587687030480503,0.7350461138245781,12.82046591192744,23.19018378457935,12.380909884063204,3.6452558091880993,12.894191809153838,135.83000000000033,149.98660560000005,149.27630113000006,187.5,615.3375460942011,FREEFORM_POCKET_CLEARING_K4,1000,784
DOE_1395_FREEFORM_POCKET_CLEARING_K1_F5000_S096,25331,40000.0,2,12.665,0.5000000000000004,0,1,634,0.1930835734870317,5000.0,5000.0,40000.80000000253,1.189064264001105,0.6401256785371217,6.386751399808846,12.827288337920937,22.225751161385624,7.404358169918445,12.844075246966552,149.88400000000013,144.10756900000004,147.07130050000004,186.9,616.8359595246123,FREEFORM_POCKET_CLEARING_K1,5000,785
DOE_1397_FREEFORM_POCKET_CLEARING_K3_F10000_S098,18267,40000.0,2,9.133,0.4999999999999449,0,1,682,0.2688454590244704,10000.0,10000.0,40018.284017181664,1.3800727814437608,0.7687781151796736,6.852995426423441,15.019202742043907,50.74160628378148,16.807968504816156,16.794610386074957,172.99500000000023,147.73290010000002,150.12618360000002,186.9,629.2896179656118,FREEFORM_POCKET_CLEARING_K3,10000,786
DOE_1398_FREEFORM_POCKET_CLEARING_K4_F15000_S099,21433,40000.0,2,10.716,0.4999999999999449,0,1,1359,0.2287127327019082,15000.0,15000.0,40007.16000000011,1.287850359977594,0.6840422504038071,6.8175051909659325,13.245119778040287,99.70755419217734,40.59544112203476,21.57071188479705,323.8299999999992,148.3905841,147.41284760000002,186.15,624.7264526921377,FREEFORM_POCKET_CLEARING_K4,15000,787
DOE_1399_FREEFORM_POCKET_CLEARING_K5_F500_S100,32444,40000.0,2,16.221500000000002,0.500000000000056,0,1,102,0.1493034151152755,500.0,500.0,39999.59999999874,0.8340818777030532,0.5485404883618995,6.764094346095928,14.239543022498315,10.558319245986455,3.024517231502352,10.814267600470131,140.4300000000003,141.23184029999996,141.92223235499995,187.5,597.107968577125,FREEFORM_POCKET_CLEARING_K5,500,788
DOE_1401_MULTIPATH_RASTER_A0_F3000_S02,22149,40000.0,2,11.074,0.4999999999999449,0,1,56,0.2172558580522822,3000.0,3000.0,40005.77730382545,9.114170102374478,0.8216417589240581,90.0,164.46208489537085,19.456176117291616,6.215405839344592,13.358400777644905,93.35629999999996,149.90735478000002,150.90701280000002,187.35,615.9788811826292,MULTIPATH_RASTER_A0,3000,789
DOE_1402_MULTIPATH_RASTER_A30_F5000_S03,26876,40000.0,2,13.4375,0.5000000000000004,0,1,78,0.1816118470010418,5000.0,5000.0,40000.80000000253,18.23172253585869,0.8865863224960658,89.68239097995436,170.01573425597343,27.93371345168155,10.35762977452898,12.952109355867805,102.16099999999972,144.26127724999998,143.85789624999998,187.2,614.2777947935779,MULTIPATH_RASTER_A30,5000,790
DOE_1403_MULTIPATH_RASTER_A30_F7500_S04,29763,40000.0,2,14.881,0.500000000000056,0,1,118,0.1632563921647683,7500.0,7500.0,39999.59999999874,12.464827255205607,0.9357218832122568,90.0,173.1738298876805,51.308964305371546,14.796779715083376,13.763988835625671,187.81859999999995,141.18093400000012,141.8352204000001,187.2,608.6800984137907,MULTIPATH_RASTER_A30,7500,791
DOE_1405_MULTIPATH_RASTER_A45_F15000_S06,21330,40000.0,2,10.6645,0.4999999999999449,0,1,132,0.2288326300984529,15000.0,15000.0,40016.58696090627,10.934082360508771,0.9663003133204296,78.54982815076404,175.69231914241507,112.48101081697828,45.916277749294736,26.324705772489377,422.64899999999983,147.28482620999995,146.39282584999995,187.2,625.7666200600787,MULTIPATH_RASTER_A45,15000,792
DOE_1406_MULTIPATH_RASTER_A90_F500_S07,32982,40000.0,2,16.4905,0.500000000000056,0,1,21,0.1455945667333697,500.0,500.0,39999.59999999874,9.920727206361184,0.9207272063611852,90.0,103.59873256583928,8.408102222684452,3.632278712446853,10.757302018237883,92.78599999999938,142.60306224999985,141.85306224999985,187.5,593.5256580503649,MULTIPATH_RASTER_A90,500,793
DOE_1407_MULTIPATH_RASTER_A90_F1000_S08,34892,40000.0,2,17.445500000000003,0.5000000000000004,0,1,46,0.1371374527112232,1000.0,1000.0,39999.35999999935,6.535047918350628,0.8678817748388126,90.0,136.1585480681535,8.913784556851674,3.5048885614997203,10.472991495515345,92.78599999999938,140.2513588499996,139.4996493499996,187.2,590.2648371121953,MULTIPATH_RASTER_A90,1000,794
DOE_1408_MULTIPATH_RASTER_A0_F3000_S09,18601,40000.0,2,9.3,0.4999999999999449,0,1,36,0.2605773883124563,3000.0,3000.0,40018.284017181664,16.56326935075758,1.57041667323923,90.0,147.5351920121415,17.486660292409148,7.038331797297452,14.578307719366329,117.97799999999992,151.788615,153.314615,187.2,620.6426559136794,MULTIPATH_RASTER_A0,3000,795
DOE_1413_MULTIPATH_RASTER_A45_F500_S14,30077,40000.0,2,15.038,0.500000000000056,0,1,19,0.1589254247431592,500.0,500.0,39999.59999999874,8.848692594079392,2.2339847908236945,90.14728896120276,127.62857344464854,8.220106265293095,3.776273663573322,11.2767855473955,92.78599999999938,145.3459230199998,145.1400203999998,187.35,599.7292423450596,MULTIPATH_RASTER_A45,500,796
DOE_1416_MULTIPATH_RASTER_A0_F5000_S17,18844,40000.0,2,9.4215,0.4999999999999449,0,1,48,0.2589153046062407,5000.0,5000.0,40018.284017181664,14.349773600822942,2.350428533721224,85.59288056625758,145.85438421581358,25.20096933518618,11.83376107372998,15.106402338333174,125.25800000000054,150.18252019999997,152.38002019999996,186.9,623.1312609236786,MULTIPATH_RASTER_A0,5000,797
DOE_1418_MULTIPATH_RASTER_A30_F10000_S19,25747,40000.0,2,12.873,0.5000000000000004,0,1,88,0.1919835320619878,10000.0,10000.0,40000.80000000253,21.182542601822885,2.5355756386962804,88.6487806201679,163.5779814006055,55.63841087855879,22.998082724056196,16.344515537721477,208.16800000000055,141.26354720000006,141.11897520000008,186.9,624.4782289273323,MULTIPATH_RASTER_A30,10000,798
DOE_1422_MULTIPATH_RASTER_A90_F3000_S23,27962,40000.0,2,13.9805,0.5000000000000004,0,1,54,0.173413918889922,3000.0,3000.0,40000.32000000033,16.260423278604048,2.523954932299164,92.05310222202412,153.12549668148208,15.75991398935444,6.903996839195366,12.025744246315954,92.78599999999938,147.43832999999995,145.03032999999994,186.6,606.8319726099401,MULTIPATH_RASTER_A90,3000,799
DOE_1423_MULTIPATH_RASTER_A90_F5000_S24,30017,40000.0,2,15.008,0.500000000000056,0,1,87,0.1614751640736915,5000.0,5000.0,39999.59999999874,10.71076913755428,2.315385682466135,90.32243494386267,150.53705933816752,26.13176125060209,13.54446506873095,12.461497902347606,110.0992999999999,145.04774640000002,142.0196469,186.3,604.8823441065844,MULTIPATH_RASTER_A90,5000,800
DOE_1424_MULTIPATH_RASTER_A0_F7500_S25,18257,40000.0,2,9.128,0.4999999999999449,0,1,55,0.269157035657556,7500.0,7500.0,40018.284017181664,27.72154706849869,0.9188951862714858,90.0,173.22975714562813,49.38539566173655,9.800434882631013,15.997487760725033,183.35599999999985,148.65553059999996,150.87953059999995,187.35,626.9575711401997,MULTIPATH_RASTER_A0,7500,801
DOE_1426_MULTIPATH_RASTER_A30_F15000_S27,25373,40000.0,2,12.686,0.5000000000000004,0,1,132,0.1948133843061522,15000.0,15000.0,40000.80000000253,31.83974788163008,0.9564990138304684,90.0,175.7917608331206,120.79220678796628,29.81841803177341,21.43940622223322,379.4500000000021,142.0153599199999,140.99110323999992,187.2,624.6807266018428,MULTIPATH_RASTER_A30,15000,802
DOE_1428_MULTIPATH_RASTER_A45_F1000_S29,21866,40000.0,2,10.9325,0.4999999999999449,0,1,23,0.220067684990396,1000.0,1000.0,40000.80000000253,11.31498136916018,0.841335525513428,90.0,123.76971636209362,9.961964935331553,4.937702095516844,13.253166085324969,92.78599999999938,151.0532163499999,150.7112029999999,187.5,615.5766675221406,MULTIPATH_RASTER_A45,1000,803
DOE_1429_MULTIPATH_RASTER_A45_F3000_S30,22149,40000.0,2,11.074,0.4999999999999449,0,1,56,0.2172558580522822,3000.0,3000.0,40005.77730382545,9.113709910350272,0.8216682911807186,90.0,164.4607990363703,15.934736490065047,7.759719696593865,13.50634255834774,92.78599999999938,150.31720566,150.31308568000003,187.35,616.1655982720855,MULTIPATH_RASTER_A45,3000,804
DOE_1431_MULTIPATH_RASTER_A90_F7500_S32,29763,40000.0,2,14.881,0.500000000000056,0,1,118,0.1632563921647683,7500.0,7500.0,39999.59999999874,12.464842004055916,0.935767266680857,90.0,173.1734581722027,22.466145696282823,25.390747846884427,14.84448271214954,134.95799999999923,142.62901783000012,140.7868179000001,187.2,608.281011921952,MULTIPATH_RASTER_A90,7500,805
DOE_1432_MULTIPATH_RASTER_A0_F10000_S33,17473,40000.0,2,8.735999999999999,0.4999999999999449,0,1,55,0.2827219138098781,10000.0,10000.0,40018.284017181664,34.393842125005975,1.775247586271911,90.0,169.3371358898971,63.545934619879326,15.986486646852873,18.09614288484545,245.13200000000168,147.21320299999994,150.21320299999994,187.35,630.826128136869,MULTIPATH_RASTER_A0,10000,806
DOE_1434_MULTIPATH_RASTER_A30_F500_S35,32178,40000.0,2,16.0885,0.500000000000056,0,1,19,0.1491080862701224,500.0,500.0,39999.59999999874,9.920508982654605,1.920684979350793,90.0,104.80837785622906,8.33102542338105,3.657984434456999,10.907706442784416,92.78599999999938,142.61179561499995,142.66608964999995,187.35,596.3372309200192,MULTIPATH_RASTER_A30,500,807
DOE_1440_MULTIPATH_RASTER_A0_F15000_S41,17535,40000.0,2,8.767,0.4999999999999449,0,1,80,0.2818933561448531,15000.0,15000.0,40018.284017181664,20.62682981743611,2.662868975712014,83.8919133765508,167.16627548003848,109.71839795214504,31.63154475069716,24.71239415564524,299.35800000000154,147.1824683,150.4324683,186.9,631.1108048405162,MULTIPATH_RASTER_A0,15000,808
DOE_1441_MULTIPATH_RASTER_A0_F500_S42,33286,40000.0,2,16.642500000000002,0.500000000000056,0,1,18,0.1437240882052514,500.0,500.0,39999.59999999874,9.49915997850522,3.069367935244512,91.84309146993364,162.10781726433666,8.668373349971226,3.165955682124948,10.703501755793956,92.78599999999938,141.54193625000016,142.77243625000017,187.05,593.0089158313962,MULTIPATH_RASTER_A0,500,809
DOE_1442_MULTIPATH_RASTER_A30_F1000_S43,30140,40000.0,2,15.0695,0.500000000000056,0,1,31,0.159555408095554,1000.0,1000.0,39999.59999999874,11.05672282918391,2.8413463313229315,88.52337884830597,170.30726132678075,8.978152572725335,4.066374945018882,11.290296101366176,92.78599999999938,144.17303490000006,144.56318490000007,186.9,601.8643180100564,MULTIPATH_RASTER_A30,1000,810
DOE_1443_MULTIPATH_RASTER_A30_F3000_S44,31941,40000.0,2,15.97,0.500000000000056,0,1,68,0.1510597664443818,3000.0,3000.0,39999.59999999874,13.076118518059353,2.477050018209897,103.95115936610384,145.75187891101135,16.555793749631597,6.591929290696126,11.226098456579876,92.78599999999938,141.75110399999983,141.86853699999983,186.3,600.4731247477348,MULTIPATH_RASTER_A30,3000,811
DOE_1444_MULTIPATH_RASTER_A45_F5000_S45,18844,40000.0,2,9.4215,0.4999999999999449,0,1,48,0.2589153046062407,5000.0,5000.0,40018.284017181664,14.349610008915082,2.3503048652362897,85.59301740119518,145.85536776173709,23.41683917852628,12.391800724360197,15.189774223878286,96.27300000000004,150.65658119999998,149.32752019999998,186.9,625.7914239647746,MULTIPATH_RASTER_A45,5000,812
DOE_1445_MULTIPATH_RASTER_A45_F7500_S46,21708,40000.0,2,10.8535,0.4999999999999449,0,1,71,0.2242030587801732,7500.0,7500.0,40016.58696090627,15.897574237961273,2.325052448687273,82.19700191416896,159.41474689317226,36.02104841777453,20.721083348211643,16.174164903888087,163.03269999999958,147.78018830000005,147.85501930000004,186.9,623.1291668855907,MULTIPATH_RASTER_A45,7500,813
DOE_1446_MULTIPATH_RASTER_A90_F10000_S47,25747,40000.0,2,12.873,0.5000000000000004,0,1,88,0.1919835320619878,10000.0,10000.0,40000.80000000253,21.18300818174049,2.535633121709335,88.64877654731374,163.5779763914649,43.51935139807786,26.215107545252472,16.058548694678738,267.6039999999986,145.53147520000007,141.78147520000007,186.9,619.4228829191782,MULTIPATH_RASTER_A90,10000,814
DOE_1449_MULTIPATH_RASTER_A0_F1000_S50,24855,40000.0,2,12.427,0.5000000000000004,0,1,31,0.1924763629048481,1000.0,1000.0,40000.80000000253,7.737058751333279,0.8580215743209643,90.0,135.89068895776396,9.94789868631206,4.13408060403643,12.4180080505443,92.78599999999938,149.12752639999994,149.98302639999994,187.35,609.6616250011875,MULTIPATH_RASTER_A0,1000,815
DOE_1451_MULTIPATH_RASTER_A30_F5000_S52,29931,40000.0,2,14.965,0.500000000000056,0,1,102,0.161538204537102,5000.0,5000.0,39999.59999999874,10.83386473316584,0.8947804977975716,90.0,170.10886108398793,30.90289090493012,10.78851050456947,12.426835819356624,122.8258000000002,142.45221690000005,142.97736750000007,187.2,605.582176026899,MULTIPATH_RASTER_A30,5000,816
DOE_1453_MULTIPATH_RASTER_A45_F10000_S54,21423,40000.0,2,10.711,0.4999999999999449,0,1,89,0.227792559398777,10000.0,10000.0,40016.58696090627,13.767720048382069,0.9837291474149448,89.20192346472889,174.7742861860416,58.81871533294581,25.01944886479561,18.160831619863917,238.5760000000001,147.0962900499999,146.8308935999999,187.35,625.0531413448665,MULTIPATH_RASTER_A45,10000,817
DOE_1454_MULTIPATH_RASTER_A90_F15000_S55,25373,40000.0,2,12.686,0.5000000000000004,0,1,132,0.1948133843061522,15000.0,15000.0,40000.80000000253,31.840448950062964,0.9565202803433293,90.0,175.79172454123878,29.33197258363639,60.25811795371586,26.929594141318677,170.6569999999985,144.8348839999999,142.0848839999999,187.2,620.6516425325461,MULTIPATH_RASTER_A90,15000,818
DOE_1456_MULTIPATH_RASTER_A0_F1000_S57,21142,40000.0,2,10.5705,0.4999999999999449,0,1,20,0.2274146249172264,1000.0,1000.0,40016.586960911096,11.315498274500252,1.841424274489427,90.0,108.2646260663372,11.700471147326216,4.174587113199237,13.455155240690113,95.78250000000033,151.76698445,152.87248445,187.35,614.7780528154294,MULTIPATH_RASTER_A0,1000,819
DOE_1459_MULTIPATH_RASTER_A30_F7500_S60,29678,40000.0,2,14.8385,0.500000000000056,0,1,110,0.1639261405755104,7500.0,7500.0,39999.59999999874,14.958899604426028,1.7333693195758038,84.0879070614653,166.20103236330854,45.96654128218472,17.667366651037753,14.028940916677495,181.7047000000001,141.09455464999996,141.70117564999995,186.9,609.6573085152736,MULTIPATH_RASTER_A30,7500,820
DOE_1462_RAMP_DEPTH_D0P2_F500_S03,33071,40000.0,2,16.535,0.500000000000056,0,1,22,0.1451120316893955,500.0,500.0,39999.59999999874,7.618324394344281,0.2997078257006147,46.61494780237385,90.0,8.250988376807065,3.563813818265274,10.7519984758294,92.78599999999938,140.25849279999994,141.75651199999993,187.30184355,595.8435552826481,RAMP_DEPTH_D0P2,500,821
DOE_1466_RAMP_DEPTH_D0P7_F7500_S07,26913,40000.0,2,13.456,0.5000000000000004,0,1,102,0.1829970646156132,7500.0,7500.0,40000.32000000033,23.33734177005538,2.355813183950418,82.7567908253957,83.31641681959007,36.38702174928365,16.662120559783794,14.189688683966017,128.22899999999925,142.87946280000008,143.48446280000007,186.0,617.6006564457509,RAMP_DEPTH_D0P7,7500,822
DOE_1475_RAMP_DEPTH_D0P7_F15000_S16,29873,40000.0,2,14.936,0.500000000000056,0,1,190,0.1656679945100927,15000.0,15000.0,39999.59999999874,25.9831266886421,2.3549622573114486,77.05826592508788,78.804834601559,88.22835596298313,40.74458886000753,22.306688560207167,238.06000000000083,138.5707867999999,139.5707867999999,186.0,614.8582958202387,RAMP_DEPTH_D0P7,15000,823
DOE_1478_RAMP_DEPTH_D0P2_F3000_S19,26488,40000.0,2,13.2435,0.5000000000000004,0,1,70,0.1831772878284506,3000.0,3000.0,40000.80000000253,11.71898418870537,2.331130459529225,78.01976589969532,78.59575887646557,15.080642073703116,6.399567541950549,12.26384176853582,102.44549999999995,146.08521430000008,146.98021430000009,186.715076425,611.2750132900512,RAMP_DEPTH_D0P2,3000,824
DOE_1480_TREND_TURN_MICRO_L0P02_F500_S01,23979,40000.0,2,11.989,0.5000000000000004,0,1,2625,0.197589557529505,500.0,500.0,40000.80000000253,0.019692554558798,0.0169476008173573,0.6848700841227228,1.072177836479079,9.589404765950803,3.513689225443012,12.583018675851656,92.78599999999938,151.62551148000009,151.72056540000008,187.5,607.8821218758269,TREND_TURN_MICRO_L0P02,500,825
DOE_1481_TREND_TURN_MICRO_L0P02_F1000_S02,23278,40000.0,2,11.6385,0.5000000000000004,0,1,6970,0.2048285935217802,1000.0,1000.0,40000.80000000253,0.018579338308944,0.0172120881037492,0.3652264986450654,0.6028736237619093,10.447219473675426,3.6023151052221887,12.78138845558811,92.78599999999938,151.42495298999998,151.53639556999997,187.5,610.3613657452224,TREND_TURN_MICRO_L0P02,1000,826
DOE_1482_TREND_TURN_MICRO_L0P02_F3000_S03,32253,40000.0,2,16.126,0.500000000000056,0,1,26167,0.1485753263262332,3000.0,3000.0,39999.59999999874,0.0189297556772401,0.0174782643589117,90.0,143.02818532470656,10.627693390409314,3.516927108184571,10.95704962200643,94.67699999999992,142.73756099999997,142.82251969999996,187.5,595.5279079837688,TREND_TURN_MICRO_L0P02,3000,827
DOE_1483_TREND_TURN_MICRO_L0P05_F500_S04,36013,40000.0,2,18.006,0.5000000000000004,0,1,2097,0.1316746730347374,500.0,500.0,39998.39999999495,0.0489910153298368,0.0426097453865169,1.6729494689311777,2.533456959078276,7.889475933608237,2.869624100675364,10.267510747125709,92.78599999999938,140.0346008999997,140.0464680399997,187.5,584.5267315828274,TREND_TURN_MICRO_L0P05,500,828
DOE_1484_TREND_TURN_MICRO_L0P05_F1000_S05,20361,40000.0,2,10.18,0.4999999999999449,0,1,2100,0.2343696282107951,1000.0,1000.0,40000.80000000253,0.0486932408078217,0.0424142325696965,0.9537544657128963,1.41948463528863,11.180081463466587,3.84095758116737,13.665342399165633,92.78599999999938,153.5756945000001,153.5698425000001,187.5,613.996463662335,TREND_TURN_MICRO_L0P05,1000,829
DOE_1485_TREND_TURN_MICRO_L0P05_F3000_S06,22824,40000.0,2,11.4115,0.5000000000000004,0,1,8371,0.2100420609884332,3000.0,3000.0,40000.80000000253,0.0476657115875054,0.0434215857512043,0.6231286096069562,0.990522374804079,13.673710777353037,4.4935180244525,13.038032556942271,96.0112999999998,151.22064150000003,151.39524960000003,187.5,612.0283283650286,TREND_TURN_MICRO_L0P05,3000,830
DOE_1486_TREND_TURN_MICRO_L0P1_F500_S07,32072,40000.0,2,16.035500000000003,0.500000000000056,0,1,878,0.1478548266400598,500.0,500.0,39999.59999999874,0.0956188817974099,0.0869565661115728,3.283121502741997,5.070663729136001,8.329831740910995,3.040562327507564,10.880123179112845,92.78599999999938,144.3746973450001,144.4974603550001,187.5,593.0126031635459,TREND_TURN_MICRO_L0P1,500,831
DOE_1487_TREND_TURN_MICRO_L0P1_F1000_S08,32518,40000.0,2,16.2585,0.500000000000056,0,1,2098,0.1465649793960268,1000.0,1000.0,39999.59999999874,0.0932801136151095,0.0892474369996557,1.9255000267940865,3.0089508120608066,8.7413179667502,3.0601642448079205,10.814383176968937,92.78599999999938,143.0183143449998,143.1958628499998,187.5,593.7627583935935,TREND_TURN_MICRO_L0P1,1000,832
DOE_1488_TREND_TURN_MICRO_L0P1_F3000_S09,18454,40000.0,2,9.2265,0.4999999999999449,0,1,3145,0.2595643220981901,3000.0,3000.0,40016.58696090627,0.0947227455356988,0.0878301773277845,1.2619033137493614,2.098027881419323,14.519354091197044,5.043773225304828,14.509779700141213,92.78599999999938,153.71335173500006,153.87933043000007,187.5,617.9913503225629,TREND_TURN_MICRO_L0P1,3000,833
DOE_1489_TREND_TURN_MICRO_L0P2_F500_S10,28050,40000.0,2,14.0245,0.5000000000000004,0,1,355,0.1690552584670231,500.0,500.0,39999.83999999984,0.1878510364267764,0.1747194592176608,6.775004244795649,10.52221618699328,8.909523918759568,3.252764665174316,11.634218804993376,92.78599999999938,148.30048403549986,148.35420705999985,187.5,601.0357403318005,TREND_TURN_MICRO_L0P2,500,834
DOE_1490_TREND_TURN_MICRO_L0P2_F1000_S11,28526,40000.0,2,14.2625,0.5000000000000004,0,1,878,0.1672859847156979,1000.0,1000.0,39999.83999999984,0.1905108338703556,0.1735430394584861,3.732036064279006,5.787048273221708,9.449838702489416,3.2568092732803837,11.545965285110572,92.78599999999938,147.215818875,147.24664875,187.5,601.4801863552433,TREND_TURN_MICRO_L0P2,1000,835
DOE_1491_TREND_TURN_MICRO_L0P2_F3000_S12,29928,40000.0,2,14.9635,0.500000000000056,0,1,3145,0.1601844426623897,3000.0,3000.0,39999.59999999874,0.1948261599868945,0.1698707654522376,2.5036824018717985,4.038679090540378,13.250516214386248,4.633720525644011,11.423164487464662,96.94599999999996,145.30133238499994,145.31274315499994,187.5,599.9745247985081,TREND_TURN_MICRO_L0P2,3000,836
DOE_1492_TREND_TURN_MICRO_L0P02_F500_S13,24096,40000.0,2,12.0475,0.5000000000000004,0,1,2622,0.1967961487383798,500.0,500.0,40000.80000000253,0.0196931266992255,0.0169687698515726,0.6576377145810708,1.0280916450133306,9.632093178968397,3.5054329251341727,12.552126211713473,92.78599999999938,151.65949619999995,151.72525924999994,187.5,607.4875657523002,TREND_TURN_MICRO_L0P02,500,837
DOE_1493_TREND_TURN_MICRO_L0P02_F1000_S14,23035,40000.0,2,11.517,0.5000000000000004,0,1,6974,0.2070761884089429,1000.0,1000.0,40000.80000000253,0.0187618588275281,0.0173295416043323,0.3625412859416896,0.5864379713777836,10.542160124172923,3.628822665313968,12.848278392154857,92.78599999999938,151.66756159999997,151.92458451,187.5,610.4286112351269,TREND_TURN_MICRO_L0P02,1000,838
DOE_1494_TREND_TURN_MICRO_L0P02_F3000_S15,32242,40000.0,2,16.1205,0.500000000000056,0,1,26160,0.1485019539730785,3000.0,3000.0,39999.59999999874,0.0187470244292528,0.0173386346059891,90.0,142.98445052908136,10.502278730587795,3.515904214339176,10.960157985929824,92.78599999999938,142.55358710000002,142.79482430000002,187.5,595.7840640812831,TREND_TURN_MICRO_L0P02,3000,839
DOE_1495_TREND_TURN_MICRO_L0P05_F500_S16,36138,40000.0,2,18.0685,0.5000000000000004,0,1,2097,0.1311638718246721,500.0,500.0,39998.39999999495,0.0467951572078916,0.044528994533773,1.6574545817521125,2.6369733102741515,7.839280720565264,2.8639663701091305,10.249808168854557,92.78599999999938,139.80606787499968,139.8734287999997,187.5,584.3587620241273,TREND_TURN_MICRO_L0P05,500,840
DOE_1496_TREND_TURN_MICRO_L0P05_F1000_S17,20369,40000.0,2,10.184,0.4999999999999449,0,1,2100,0.2341793902498895,1000.0,1000.0,40000.80000000253,0.0481721444263318,0.0425585352131393,0.9412481831269974,1.5310906541907217,11.13650508410092,3.83956530641722,13.66286061393306,92.78599999999938,153.42748736,153.48614576,187.5,614.2133652912861,TREND_TURN_MICRO_L0P05,1000,841
DOE_1497_TREND_TURN_MICRO_L0P05_F3000_S18,22822,40000.0,2,11.4105,0.5000000000000004,0,1,8370,0.2100604679695031,3000.0,3000.0,40000.80000000253,0.0476073044219592,0.0434205403461451,0.6236751581922586,0.9885424216530864,13.693343164969516,4.487258116982479,13.040832820642912,96.23600000000022,151.22145260000005,151.25501025000003,187.5,612.1759232280226,TREND_TURN_MICRO_L0P05,3000,842
DOE_1498_TREND_TURN_MICRO_L0P1_F500_S19,32061,40000.0,2,16.03,0.500000000000056,0,1,878,0.1479055550357131,500.0,500.0,39999.59999999874,0.0956137149825677,0.0867530459365098,3.25930469206741,4.915353277891482,8.361923720819998,3.0409114372338677,10.881953717210504,92.78599999999938,144.44500300000016,144.44428560000017,187.5,593.0415329038713,TREND_TURN_MICRO_L0P1,500,843
DOE_1499_TREND_TURN_MICRO_L0P1_F1000_S20,32436,40000.0,2,16.2175,0.500000000000056,0,1,2099,0.1471204834134911,1000.0,1000.0,39999.59999999874,0.0977817075707347,0.0854928027115382,1.86314678425355,2.8531383129704446,8.867445636158969,3.0653123999449794,10.827663264598907,92.78599999999938,143.33865517500016,143.43673347500015,187.5,593.554833034727,TREND_TURN_MICRO_L0P1,1000,844
